,geo_id,geo_type,multi,single,condo,land,owner,rental,total_units,owner_pct,house_age_avg,sqft_avg,lot_size_avg,house_age,lot_size
0,27183,city,1,444,0,11,368,102,470,0.783,1975,1862.5935,12.151018,"{'t1990-99': 57, 't1980-89': 36, 't2010-19': 26, 't1969': 175, 't2000-09': 132, 't1970-79': 44}","{'a125': 4, 'a75': 26, 'a50': 74, 'a25': 37, 'a3': 241, 'a1': 26, 'a2': 62}"
1,20951,city,0,89,2,0,70,21,91,0.7692,1993,2079.5217,1.2361138,"{'t1990-99': 28, 't1980-89': 15, 't2010-19': 2, 't1969': 7, 't2000-09': 35, 't1970-79': 4}","{'a75': 24, 'a50': 35, 'a25': 6, 'a3': 9, 'a1': 7, 'a2': 10}"
2,18899,city,0,105,0,0,90,18,108,0.8333,1985,1725.0577,4.5775228,"{'t1990-99': 15, 't1980-89': 4, 't2010-19': 6, 't1969': 28, 't2000-09': 49, 't1970-79': 6}","{'a75': 24, 'a50': 17, 'a3': 36, 'a1': 11, 'a2': 20}"
3,14274,city,0,351,1,6,320,38,358,0.8939,1983,4057.4565,2.6779284,"{'t1990-99': 43, 't1980-89': 111, 't2010-19': 27, 't1969': 63, 't2000-09': 45, 't1970-79': 69}","{'a75': 1, 'a50': 1, 'a3': 169, 'a1': 77, 'a2': 110}"
4,10502,city,0,58,0,0,38,20,58,0.6552,1944,1200.9166,4.0071898,"{'t1990-99': 1, 't1980-89': 5, 't2010-19': 1, 't1969': 41, 't2000-09': 7, 't1970-79': 3}","{'a125': 1, 'a75': 11, 'a50': 10, 'a25': 13, 'a3': 10, 'a1': 6, 'a2': 7}"
5,53434,city,0,153,2,0,102,53,155,0.6581,1945,1953.1742,2.7445424,"{'t1990-99': 4, 't1980-89': 6, 't1969': 110, 't2000-09': 7, 't1970-79': 28}","{'a125': 13, 'a75': 9, 'a50': 35, 'a25': 70, 'a3': 23, 'a2': 5}"
6,3491,city,0,2,0,0,0,2,2,0.0,0,1704.0,21.6,{'t1969': 2},{'a3': 2}
7,6704,city,0,172,0,0,132,40,172,0.7674,1962,1564.0116,7.142422,"{'t1990-99': 27, 't1980-89': 20, 't2010-19': 3, 't1969': 79, 't2000-09': 16, 't1970-79': 27}","{'a125': 5, 'a75': 12, 'a50': 15, 'a25': 14, 'a3': 103, 'a1': 6, 'a2': 17}"
8,38211,city,0,64,0,5,51,18,69,0.7391,1945,1499.9464,1.1436243,"{'t1990-99': 2, 't1980-89': 4, 't1969': 50, 't2000-09': 3, 't1970-79': 10}","{'a125': 1, 'a50': 23, 'a25': 35, 'a3': 5, 'a1': 2, 'a2': 3}"
9,32778,city,54,2793,74,1,748,2174,2922,0.256,1963,1419.3347,1.3419889,"{'t1990-99': 347, 't1980-89': 140, 't2010-19': 17, 't1969': 1632, 't2000-09': 371, 't1970-79': 415}","{'a125': 155, 'a75': 374, 'a50': 1243, 'a25': 424, 'a3': 338, 'a1': 177, 'a2': 211}"
10,9573,city,3,3283,403,5,3449,248,3697,0.9329,1962,1686.3275,0.32617983,"{'t1990-99': 187, 't1980-89': 382, 't2010-19': 9, 't1969': 2510, 't2000-09': 141, 't1970-79': 468}","{'a125': 494, 'a75': 266, 'a50': 2204, 'a25': 582, 'a3': 17, 'a1': 78, 'a2': 56}"
11,73037,city,0,0,0,0,0,1,1,0.0,1978,1440.0,0.18000583,{'t1970-79': 1},{'a25': 1}
12,72822,city,0,63,0,0,10,83,93,0.1075,1987,1717.5217,0.9006479,"{'t1990-99': 25, 't1980-89': 15, 't2010-19': 7, 't1969': 16, 't2000-09': 19, 't1970-79': 11}","{'a125': 6, 'a75': 15, 'a50': 35, 'a25': 19, 'a3': 9, 'a1': 3, 'a2': 6}"
13,2158,city,8,928,2,3,774,167,941,0.8225,1963,2494.3564,1.4802718,"{'t1990-99': 152, 't1980-89': 160, 't2010-19': 37, 't1969': 353, 't2000-09': 61, 't1970-79': 178}","{'a125': 11, 'a75': 188, 'a50': 243, 'a25': 78, 'a3': 162, 'a1': 92, 'a2': 167}"
14,17395,city,0,1,0,0,0,1,1,0.0,1914,1681.0,0.25539663,{'t1969': 1},{'a50': 1}
15,49076,city,0,39,0,0,30,9,39,0.7692,1986,1731.8,8.13282,"{'t1990-99': 15, 't1980-89': 5, 't2010-19': 3, 't1969': 5, 't2000-09': 5, 't1970-79': 6}","{'a75': 1, 'a3': 35, 'a2': 3}"
16,43738,city,0,2,0,0,2,0,2,1.0,1978,2811.0,0.39750046,{'t1970-79': 2},{'a50': 2}
17,46810,city,0,2,0,0,0,2,2,0.0,0,1898.0,1.3814383,{'t1969': 2},"{'a3': 1, 'a50': 1}"
18,344,city,1,137,0,1,106,33,139,0.7626,1951,1631.5289,7.199497,"{'t1990-99': 18, 't1980-89': 34, 't2010-19': 1, 't1969': 62, 't2000-09': 13, 't1970-79': 11}","{'a125': 4, 'a75': 1, 'a50': 9, 'a25': 6, 'a3': 89, 'a1': 7, 'a2': 23}"
19,2005,city,27,1588,155,3,718,1056,1774,0.4047,1971,2154.0142,1.4699279,"{'t1990-99': 267, 't1980-89': 368, 't2010-19': 96, 't1969': 558, 't2000-09': 244, 't1970-79': 241}","{'a125': 200, 'a75': 246, 'a50': 355, 'a25': 235, 'a3': 337, 'a1': 153, 'a2': 248}"
20,65638,city,1,158,20,1,42,144,186,0.2258,1991,2283.0693,1.0084962,"{'t1990-99': 28, 't1980-89': 34, 't2010-19': 2, 't1969': 20, 't2000-09': 82, 't1970-79': 20}","{'a125': 21, 'a75': 26, 'a50': 71, 'a25': 42, 'a3': 6, 'a1': 4, 'a2': 16}"
21,7444,city,0,12,0,0,9,3,12,0.75,1982,1388.3334,6.403408,"{'t1990-99': 7, 't1980-89': 1, 't1969': 2, 't2000-09': 1, 't1970-79': 1}","{'a1': 4, 'a75': 1, 'a3': 5, 'a2': 2}"
22,15590,city,1,717,14,4,531,228,759,0.6996,1971,1878.755,2.0677724,"{'t1990-99': 117, 't1980-89': 125, 't2010-19': 7, 't1969': 249, 't2000-09': 153, 't1970-79': 108}","{'a125': 24, 'a75': 70, 'a50': 144, 'a25': 65, 'a3': 225, 'a1': 104, 'a2': 127}"
23,49027,city,2,2168,82,0,2022,230,2252,0.8979,1988,1655.5792,0.57438755,"{'t1990-99': 841, 't1980-89': 250, 't2010-19': 105, 't1969': 412, 't2000-09': 451, 't1970-79': 193}","{'a125': 103, 'a75': 144, 'a50': 785, 'a25': 918, 'a3': 116, 'a1': 71, 'a2': 115}"
24,57968,city,0,110,0,1,65,46,111,0.5856,1952,1809.6818,4.618147,"{'t1990-99': 4, 't1980-89': 5, 't2010-19': 2, 't1969': 81, 't2000-09': 6, 't1970-79': 13}","{'a125': 2, 'a75': 4, 'a50': 32, 'a25': 46, 'a3': 13, 'a1': 9, 'a2': 5}"
25,2358,city,0,1,0,0,0,1,1,0.0,0,1440.0,4.4,{'t1969': 1},{'a3': 1}
26,27726,city,0,586,1,19,483,123,606,0.797,1982,1934.2146,3.3827975,"{'t1990-99': 116, 't1980-89': 45, 't2010-19': 26, 't1969': 173, 't2000-09': 180, 't1970-79': 66}","{'a125': 5, 'a75': 117, 'a50': 96, 'a25': 12, 'a3': 169, 'a1': 92, 'a2': 115}"
27,26711,city,3,454,1,20,291,187,478,0.6088,1983,2105.0398,1.6017992,"{'t1990-99': 155, 't1980-89': 182, 't2010-19': 7, 't1969': 55, 't2000-09': 15, 't1970-79': 64}","{'a125': 1, 'a75': 13, 'a50': 17, 'a25': 11, 'a3': 33, 'a1': 393, 'a2': 10}"
28,39098,city,0,3,0,0,2,1,3,0.6667,1930,0.0,0.25667456,"{'t1969': 2, 't1980-89': 1}","{'a50': 2, 'a25': 1}"
29,3933,city,9,619,0,8,1,635,636,0.0016,1952,3300.1843,2.2096395,"{'t1990-99': 52, 't1980-89': 96, 't2010-19': 8, 't1969': 361, 't2000-09': 64, 't1970-79': 55}","{'a125': 7, 'a75': 82, 'a50': 97, 'a25': 26, 'a3': 237, 'a1': 61, 'a2': 126}"
30,9328,city,0,48,0,0,26,22,48,0.5417,1939,1835.7916,2.0923235,"{'t1990-99': 3, 't1980-89': 6, 't1969': 32, 't2000-09': 4, 't1970-79': 3}","{'a125': 2, 'a75': 3, 'a50': 11, 'a25': 4, 'a3': 14, 'a1': 7, 'a2': 7}"
31,168495,city,0,5,0,0,0,5,5,0.0,1943,1588.2,1.345163,"{'t1969': 4, 't1970-79': 1}","{'a75': 2, 'a3': 1, 'a50': 1, 'a125': 1}"
32,18450,city,0,980,6,0,699,287,986,0.7089,1933,1665.8468,0.1907323,"{'t1990-99': 25, 't1980-89': 11, 't2010-19': 5, 't1969': 885, 't2000-09': 8, 't1970-79': 52}","{'a125': 548, 'a75': 15, 'a50': 82, 'a25': 317, 'a3': 6, 'a1': 8, 'a2': 10}"
33,59460,city,0,42,0,2,29,15,44,0.6591,1975,1853.5238,10.61107,"{'t1990-99': 5, 't1980-89': 8, 't2010-19': 2, 't1969': 14, 't2000-09': 10, 't1970-79': 5}","{'a125': 1, 'a75': 3, 'a50': 10, 'a25': 8, 'a3': 15, 'a1': 2, 'a2': 5}"
34,36190,city,31,4600,70,132,3909,924,4833,0.8088,1970,1828.9465,2.4136164,"{'t1990-99': 1064, 't1980-89': 471, 't2010-19': 111, 't1969': 1893, 't2000-09': 513, 't1970-79': 781}","{'a125': 168, 'a75': 637, 'a50': 1406, 'a25': 1022, 'a3': 888, 'a1': 346, 'a2': 366}"
35,37948,city,0,119,0,91,197,13,210,0.9381,1990,2383.7102,2.497861,"{'t1990-99': 31, 't1980-89': 16, 't2010-19': 15, 't1969': 21, 't2000-09': 98, 't1970-79': 29}","{'a75': 4, 'a50': 4, 'a25': 5, 'a3': 73, 'a1': 15, 'a2': 109}"
36,55585,city,0,1108,0,0,972,169,1141,0.8519,1998,1908.6389,1.580615,"{'t1990-99': 197, 't1980-89': 114, 't2010-19': 165, 't1969': 19, 't2000-09': 523, 't1970-79': 123}","{'a125': 15, 'a75': 26, 'a50': 346, 'a25': 343, 'a3': 215, 'a1': 42, 'a2': 154}"
37,70654,city,3,52,0,1,14,42,56,0.25,1987,1843.3572,12.316609,"{'t1990-99': 18, 't1980-89': 9, 't1969': 7, 't2000-09': 13, 't1970-79': 9}","{'a1': 2, 'a3': 49, 'a2': 5}"
38,36194,city,56,5098,88,130,4524,848,5372,0.8421,1966,1716.274,2.0956178,"{'t1990-99': 796, 't1980-89': 450, 't2010-19': 10, 't1969': 2632, 't2000-09': 458, 't1970-79': 1026}","{'a125': 96, 'a75': 646, 'a50': 1972, 'a25': 838, 'a3': 812, 'a1': 440, 'a2': 568}"
39,42287,city,0,4,0,0,0,4,4,0.0,0,1356.0,25.0,{'t1969': 4},{'a3': 4}
40,8141,city,3,233,0,0,0,236,236,0.0,1940,1682.6483,0.37256494,"{'t1990-99': 24, 't1980-89': 9, 't2010-19': 1, 't1969': 188, 't2000-09': 3, 't1970-79': 11}","{'a125': 4, 'a75': 18, 'a50': 149, 'a25': 57, 'a3': 2, 'a1': 4, 'a2': 2}"
41,34283,city,4,320,77,2,382,21,403,0.9479,1989,2388.2656,1.3456249,"{'t1990-99': 107, 't1980-89': 71, 't2010-19': 7, 't1969': 40, 't2000-09': 121, 't1970-79': 57}","{'a125': 11, 'a75': 25, 'a50': 185, 'a25': 124, 'a3': 40, 'a1': 8, 'a2': 10}"
42,45973,city,0,138,3,0,96,45,141,0.6809,1976,2198.0637,8.607185,"{'t1990-99': 19, 't1980-89': 11, 't2010-19': 5, 't1969': 49, 't2000-09': 35, 't1970-79': 22}","{'a125': 1, 'a75': 6, 'a50': 9, 'a25': 13, 'a3': 65, 'a1': 30, 'a2': 17}"
43,9203,city,0,34,0,0,26,8,34,0.7647,1962,1525.7354,11.455001,"{'t1990-99': 3, 't1980-89': 7, 't1969': 16, 't2000-09': 4, 't1970-79': 4}","{'a75': 2, 'a50': 1, 'a3': 22, 'a1': 4, 'a2': 5}"
44,30338,city,0,3,0,0,1,2,3,0.3333,1983,1513.3334,0.9559992,"{'t1990-99': 1, 't1980-89': 1, 't1970-79': 1}","{'a1': 1, 'a75': 1, 'a2': 1}"
45,64899,city,0,15,0,0,2,13,15,0.1333,1952,1841.2667,1.0586696,"{'t1990-99': 1, 't1980-89': 1, 't1969': 9, 't2000-09': 2, 't1970-79': 2}","{'a75': 6, 'a50': 3, 'a3': 2, 'a1': 2, 'a2': 2}"
46,64121,city,0,41,0,0,13,31,44,0.2955,1952,1916.2727,1.2304871,"{'t1990-99': 1, 't1980-89': 2, 't2010-19': 1, 't1969': 30, 't2000-09': 1, 't1970-79': 9}","{'a125': 2, 'a75': 3, 'a50': 10, 'a25': 21, 'a3': 6, 'a2': 2}"
47,27984,city,0,24,0,1,16,10,26,0.6154,1981,1897.8334,31.745953,"{'t1990-99': 9, 't1980-89': 2, 't2010-19': 1, 't1969': 7, 't2000-09': 2, 't1970-79': 5}","{'a125': 1, 'a75': 3, 'a50': 3, 'a25': 1, 'a3': 16, 'a1': 1, 'a2': 1}"
48,21463,city,0,123,2,4,117,15,132,0.8864,2000,1824.2174,3.3898618,"{'t1990-99': 35, 't1980-89': 9, 't2010-19': 11, 't2000-09': 74, 't1970-79': 3}","{'a125': 9, 'a75': 38, 'a50': 7, 'a25': 24, 'a3': 24, 'a1': 16, 'a2': 14}"
49,9530,city,19,1128,115,8,1012,275,1287,0.7863,1960,1680.9062,0.6555787,"{'t1990-99': 176, 't1980-89': 195, 't2010-19': 8, 't1969': 692, 't2000-09': 99, 't1970-79': 117}","{'a125': 331, 'a75': 90, 'a50': 297, 'a25': 361, 'a3': 72, 'a1': 50, 'a2': 86}"
50,51971,city,0,2,0,0,2,0,2,1.0,1974,1350.0,0.28499967,"{'t1969': 1, 't2000-09': 1}","{'a50': 1, 'a25': 1}"
51,51388,city,0,2,0,0,0,2,2,0.0,1984,2754.0,5.15,"{'t1969': 1, 't2000-09': 1}","{'a3': 1, 'a25': 1}"
52,62640,city,0,302,0,17,191,129,320,0.5969,1979,7573.568,12.492331,"{'t1990-99': 51, 't1980-89': 44, 't2010-19': 20, 't1969': 71, 't2000-09': 35, 't1970-79': 99}","{'a125': 1, 'a75': 18, 'a50': 47, 'a25': 10, 'a3': 204, 'a1': 10, 'a2': 30}"
53,41959,city,0,239,15,0,225,29,254,0.8858,1973,2005.7103,2.0405748,"{'t1990-99': 14, 't1980-89': 8, 't2010-19': 4, 't1969': 98, 't2000-09': 102, 't1970-79': 28}","{'a125': 16, 'a75': 4, 'a50': 109, 'a25': 65, 'a3': 44, 'a1': 4, 'a2': 12}"
54,20455,city,0,15,0,1,8,13,21,0.381,1974,1747.4,3.9238117,"{'t1990-99': 1, 't1980-89': 3, 't2010-19': 1, 't1969': 8, 't2000-09': 5, 't1970-79': 3}","{'a75': 2, 'a50': 2, 'a3': 7, 'a1': 4, 'a2': 6}"
55,12206,city,0,2,2,0,1,3,4,0.25,1910,1534.25,0.21200216,{'t1969': 4},"{'a50': 1, 'a25': 2, 'a125': 1}"
56,8499,city,1,37,0,0,23,15,38,0.6053,1929,2084.389,19.225931,"{'t1969': 27, 't2000-09': 3, 't1980-89': 5, 't1970-79': 3}","{'a125': 3, 'a75': 1, 'a50': 7, 'a25': 8, 'a3': 17, 'a2': 2}"
57,70949,city,0,71,0,0,18,53,71,0.2535,1985,2187.5212,3.6681798,"{'t1990-99': 15, 't1980-89': 13, 't1969': 9, 't2000-09': 14, 't1970-79': 20}","{'a75': 12, 'a50': 17, 'a25': 6, 'a3': 30, 'a1': 2, 'a2': 4}"
58,32896,city,5,761,0,1,614,153,767,0.8005,1946,1431.2133,1.0441834,"{'t1990-99': 68, 't1980-89': 36, 't2010-19': 2, 't1969': 535, 't2000-09': 61, 't1970-79': 65}","{'a125': 103, 'a75': 24, 'a50': 177, 'a25': 285, 'a3': 101, 'a1': 25, 'a2': 52}"
59,68199,city,28,12555,61,18,9253,3446,12699,0.7286,1989,1924.7834,0.72945195,"{'t1990-99': 1695, 't1980-89': 3679, 't2010-19': 80, 't1969': 981, 't2000-09': 4429, 't1970-79': 1835}","{'a125': 611, 'a75': 1550, 'a50': 4849, 'a25': 2355, 'a3': 901, 'a1': 753, 'a2': 1680}"
60,56479,city,0,20,0,0,15,6,21,0.7143,1994,2463.6667,6.9152374,"{'t1990-99': 5, 't1980-89': 2, 't1969': 1, 't2000-09': 10, 't1970-79': 3}","{'a1': 1, 'a3': 15, 'a2': 5}"
61,58505,city,0,120,0,2,79,43,122,0.6475,1976,1775.6083,7.1937885,"{'t1990-99': 13, 't1980-89': 23, 't2010-19': 6, 't1969': 42, 't2000-09': 22, 't1970-79': 16}","{'a75': 9, 'a50': 30, 'a25': 14, 'a3': 45, 'a1': 8, 'a2': 16}"
62,62587,city,1,2483,48,51,2319,264,2583,0.8978,1983,4066.6482,1.4556707,"{'t1990-99': 289, 't1980-89': 297, 't2010-19': 114, 't1969': 180, 't2000-09': 449, 't1970-79': 1254}","{'a125': 334, 'a75': 77, 'a50': 158, 'a25': 1210, 'a3': 405, 'a1': 71, 'a2': 328}"
63,21910,city,5,1563,494,12,1740,335,2075,0.8386,1999,2823.2483,0.37438914,"{'t1990-99': 35, 't1980-89': 25, 't2010-19': 117, 't1969': 177, 't2000-09': 1705, 't1970-79': 16}","{'a125': 507, 'a75': 188, 'a50': 637, 'a25': 583, 'a3': 37, 'a1': 62, 'a2': 61}"
64,56442,city,0,54,0,0,45,12,57,0.7895,1985,1685.1578,5.76228,"{'t1990-99': 11, 't1980-89': 5, 't2010-19': 3, 't1969': 11, 't2000-09': 21, 't1970-79': 6}","{'a75': 2, 'a50': 1, 'a3': 34, 'a1': 11, 'a2': 9}"
65,200705,city,28,2163,42,7,1876,427,2303,0.8146,1959,1676.6666,1.0824546,"{'t1990-99': 154, 't1980-89': 119, 't2010-19': 126, 't1969': 1183, 't2000-09': 518, 't1970-79': 203}","{'a125': 231, 'a75': 203, 'a50': 609, 'a25': 539, 'a3': 245, 'a1': 154, 'a2': 322}"
66,46874,city,0,2,0,0,2,0,2,1.0,1907,1877.0,7.25,{'t1969': 2},{'a3': 2}
67,69702,city,3,4267,1071,7,3443,1917,5360,0.6424,1975,1818.3674,0.58434874,"{'t1990-99': 546, 't1980-89': 1272, 't2010-19': 74, 't1969': 1760, 't2000-09': 287, 't1970-79': 1420, 't2020-29': 1}","{'a125': 2211, 'a75': 108, 'a50': 754, 'a25': 1710, 'a3': 293, 'a1': 75, 'a2': 209}"
68,19054,city,0,210,0,0,150,90,240,0.625,1976,1893.6857,9.497813,"{'t1990-99': 18, 't1980-89': 18, 't1969': 84, 't2000-09': 84, 't1970-79': 36}","{'a75': 12, 'a25': 6, 'a3': 120, 'a1': 18, 'a2': 84}"
69,39587,city,0,1,0,1,1,1,2,0.5,1972,1840.0,1.0550001,"{'t1969': 1, 't1980-89': 1}","{'a1': 1, 'a2': 1}"
70,13242,city,89,9416,5554,37,13859,1710,15569,0.8902,1974,2432.0608,0.59944445,"{'t1990-99': 2603, 't1980-89': 4197, 't2010-19': 264, 't1969': 4369, 't2000-09': 1801, 't1970-79': 2335}","{'a125': 6119, 'a75': 2034, 'a50': 2381, 'a25': 962, 'a3': 661, 'a1': 1968, 'a2': 1444}"
71,14492,city,0,23,0,0,17,6,23,0.7391,1965,1590.2307,0.2767476,"{'t1969': 19, 't1990-99': 4}","{'a1': 1, 'a50': 15, 'a25': 7}"
72,1058,city,0,683,1,0,13,671,684,0.019,1958,2547.4927,0.28570464,"{'t1990-99': 24, 't1980-89': 18, 't2010-19': 39, 't1969': 508, 't2000-09': 82, 't1970-79': 13}","{'a125': 15, 'a75': 23, 'a50': 285, 'a25': 349, 'a3': 1, 'a1': 5, 'a2': 6}"
73,10039,city,0,106,0,0,60,46,106,0.566,1952,2190.2173,0.97317135,"{'t1990-99': 14, 't1980-89': 8, 't2010-19': 1, 't1969': 66, 't2000-09': 7, 't1970-79': 10}","{'a125': 2, 'a75': 31, 'a50': 21, 'a25': 9, 'a3': 9, 'a1': 20, 'a2': 14}"
74,27639,city,0,8630,308,40,7880,1106,8986,0.8769,1985,2055.248,1.2355037,"{'t1990-99': 1977, 't1980-89': 708, 't2010-19': 511, 't1969': 2094, 't2000-09': 2858, 't1970-79': 838}","{'a125': 332, 'a75': 1772, 'a50': 2947, 'a25': 1537, 'a3': 836, 'a1': 805, 'a2': 757}"
75,13200,city,2,1573,45,16,1560,101,1661,0.9392,1985,3333.9895,1.6483092,"{'t1990-99': 605, 't1980-89': 347, 't2010-19': 44, 't1969': 177, 't2000-09': 295, 't1970-79': 193}","{'a125': 49, 'a75': 156, 'a50': 194, 'a25': 37, 'a3': 322, 'a1': 386, 'a2': 517}"
76,34370,city,0,794,5,0,464,362,826,0.5617,1967,2197.7205,0.9818025,"{'t1990-99': 116, 't1980-89': 91, 't2010-19': 23, 't1969': 392, 't2000-09': 84, 't1970-79': 120}","{'a125': 72, 'a75': 103, 'a50': 297, 'a25': 214, 'a3': 43, 'a1': 47, 'a2': 50}"
77,52735,city,0,1,0,0,0,1,1,0.0,2006,1860.0,0.25000173,{'t2000-09': 1},{'a50': 1}
78,71436,city,1,180,16,0,15,191,206,0.0728,1990,1677.9951,0.13368997,"{'t1990-99': 40, 't1980-89': 12, 't2010-19': 4, 't1969': 28, 't2000-09': 88, 't1970-79': 34}","{'a75': 1, 'a50': 9, 'a25': 93, 'a125': 103}"
79,64688,city,0,13,0,0,8,5,13,0.6154,1967,2853.8462,2.2500014,"{'t1990-99': 2, 't1980-89': 3, 't1969': 5, 't2000-09': 1, 't1970-79': 2}","{'a1': 4, 'a75': 4, 'a3': 1, 'a2': 4}"
80,195705,city,0,656,0,0,612,44,656,0.9329,1988,2098.7517,0.48973554,"{'t1990-99': 246, 't1980-89': 60, 't2010-19': 18, 't1969': 36, 't2000-09': 154, 't1970-79': 142}","{'a75': 44, 'a50': 344, 'a25': 228, 'a3': 16, 'a1': 14, 'a2': 10}"
81,42992,city,0,63,0,0,49,15,64,0.7656,1972,2242.425,4.9181266,"{'t1990-99': 13, 't1980-89': 4, 't1969': 19, 't2000-09': 13, 't1970-79': 15}","{'a75': 3, 'a50': 9, 'a25': 1, 'a3': 33, 'a1': 6, 'a2': 12}"
82,20491,city,0,76,0,0,14,70,84,0.1667,2001,2103.9722,0.99619293,"{'t1969': 2, 't2000-09': 60, 't1980-89': 6, 't1990-99': 16}","{'a75': 38, 'a50': 2, 'a3': 6, 'a1': 14, 'a2': 24}"
83,11457,city,129,5292,1629,15,6294,900,7194,0.8749,1975,2069.0222,0.59184545,"{'t1990-99': 819, 't1980-89': 1107, 't2010-19': 588, 't1969': 2622, 't2000-09': 1317, 't1970-79': 741}","{'a125': 1524, 'a75': 408, 'a50': 3174, 'a25': 1440, 'a3': 255, 'a1': 126, 'a2': 267}"
84,272,city,0,2,0,0,0,2,2,0.0,1971,3281.0,17.845001,"{'t1969': 1, 't2000-09': 1}",{'a3': 2}
85,52909,city,0,548,16,0,419,147,566,0.7403,1952,1440.6785,0.4723211,"{'t1990-99': 37, 't1980-89': 28, 't2010-19': 4, 't1969': 372, 't2000-09': 34, 't1970-79': 91}","{'a125': 27, 'a75': 22, 'a50': 150, 'a25': 326, 'a3': 19, 'a1': 11, 'a2': 11}"
86,60443,city,0,19,0,0,11,8,19,0.5789,1987,1955.8334,5.5735054,"{'t1990-99': 3, 't1980-89': 6, 't1969': 1, 't2000-09': 4, 't1970-79': 5}","{'a75': 1, 'a50': 3, 'a3': 7, 'a1': 4, 'a2': 4}"
87,8999,city,3,3701,244,0,3730,218,3948,0.9448,1973,2495.9636,0.72191644,"{'t1990-99': 526, 't1980-89': 703, 't2010-19': 109, 't1969': 1721, 't2000-09': 393, 't1970-79': 496}","{'a125': 219, 'a75': 981, 'a50': 1859, 'a25': 189, 'a3': 143, 'a1': 282, 'a2': 275}"
88,27826,city,0,908,6,0,600,329,929,0.6459,1976,1676.9231,1.4951515,"{'t1990-99': 194, 't1980-89': 115, 't2010-19': 16, 't1969': 305, 't2000-09': 153, 't1970-79': 146}","{'a125': 22, 'a75': 128, 'a50': 265, 'a25': 162, 'a3': 104, 'a1': 110, 'a2': 138}"
89,18812,city,0,4,0,0,3,1,4,0.75,1987,1816.0,1.6850009,"{'t1990-99': 1, 't1980-89': 3}","{'a75': 1, 'a3': 2, 'a2': 1}"
90,53426,city,0,3,0,0,3,0,3,1.0,1968,1552.6666,1.9499999,"{'t1969': 1, 't1990-99': 1, 't1970-79': 1}","{'a1': 1, 'a3': 1, 'a2': 1}"
91,71110,city,0,11,0,0,2,9,11,0.1818,1968,15489.0,0.23776983,"{'t1969': 4, 't1990-99': 2, 't1980-89': 4, 't1970-79': 1}","{'a75': 1, 'a50': 2, 'a25': 7, 'a125': 1}"
92,51817,city,0,1,0,0,0,1,1,0.0,2002,4796.0,22.2,{'t2000-09': 1},{'a3': 1}
93,60230,city,4,1724,35,10,1320,453,1773,0.7445,1984,2108.5537,0.1778661,"{'t1990-99': 308, 't1980-89': 623, 't2010-19': 8, 't1969': 93, 't2000-09': 255, 't1970-79': 486}","{'a125': 182, 'a75': 4, 'a50': 108, 'a25': 1471, 'a1': 3, 'a2': 5}"
94,12210,city,2,85,29,0,91,27,118,0.7712,1923,1625.6086,0.15049845,"{'t1990-99': 2, 't1980-89': 10, 't1969': 88, 't2000-09': 2, 't1970-79': 16}","{'a125': 71, 'a75': 1, 'a50': 14, 'a25': 31, 'a3': 1}"
95,24615,city,29,16633,14726,8,20962,10458,31420,0.6672,1985,1896.3923,0.5813662,"{'t1990-99': 4552, 't1980-89': 10386, 't2010-19': 685, 't1969': 2259, 't2000-09': 5006, 't1970-79': 8532}","{'a125': 5235, 'a75': 245, 'a50': 2765, 'a25': 8202, 'a3': 104, 'a1': 14718, 'a2': 151}"
96,46424,city,15,1696,188,5,1130,774,1904,0.5935,1964,1313.7139,0.22273484,"{'t1990-99': 160, 't1980-89': 29, 't1969': 1154, 't2000-09': 55, 't1970-79': 506}","{'a125': 372, 'a75': 15, 'a50': 249, 'a25': 1221, 'a3': 14, 'a1': 20, 'a2': 13}"
97,72854,city,1,77,3,0,4,81,85,0.0471,1997,1814.369,0.30835328,"{'t1990-99': 9, 't1980-89': 3, 't2010-19': 1, 't1969': 3, 't2000-09': 58, 't1970-79': 11}","{'a125': 26, 'a75': 5, 'a50': 30, 'a25': 19, 'a3': 2, 'a1': 2, 'a2': 1}"
98,71570,city,0,5,0,0,3,2,5,0.6,1971,2158.6,20.057999,"{'t1969': 2, 't2010-19': 1, 't1970-79': 2}","{'a1': 1, 'a3': 4}"
99,69450,city,17,3793,143,2,1,3954,3955,0.0003,1949,1633.7721,0.14024724,"{'t1990-99': 37, 't1980-89': 132, 't2010-19': 5, 't1969': 3570, 't2000-09': 33, 't1970-79': 178}","{'a125': 2420, 'a75': 17, 'a50': 271, 'a25': 1235, 'a3': 1, 'a1': 7, 'a2': 4}"
0,30815,county,0,290,2,0,190,106,296,0.6419,1980,1872.3627,0.8390842,"{'t1990-99': 48, 't1980-89': 30, 't2010-19': 6, 't1969': 102, 't2000-09': 58, 't1970-79': 52}","{'a125': 6, 'a75': 26, 'a50': 100, 'a25': 120, 'a3': 16, 'a1': 12, 'a2': 16}"
1,18731,county,16,4432,8,16,1932,2712,4644,0.416,1965,1686.8646,1.5569209,"{'t1990-99': 512, 't1980-89': 436, 't2010-19': 60, 't1969': 2264, 't2000-09': 692, 't1970-79': 680}","{'a125': 420, 'a75': 336, 'a50': 412, 'a25': 964, 'a3': 1156, 'a1': 624, 'a2': 732}"
2,28402,county,0,3,0,0,1,2,3,0.3333,2005,1600.0,1.0,"{'t2010-19': 1, 't2000-09': 2}",{'a1': 3}
3,52720,county,1,1563,39,0,1126,478,1604,0.702,1954,1790.0879,1.7923129,"{'t1990-99': 134, 't1980-89': 50, 't2010-19': 48, 't1969': 874, 't2000-09': 244, 't1970-79': 254}","{'a125': 54, 'a75': 38, 'a50': 338, 'a25': 675, 'a3': 252, 'a1': 199, 'a2': 48}"
4,27239,county,272,21392,2612,152,18756,5788,24544,0.7642,1973,1589.7676,1.531098,"{'t1990-99': 3512, 't1980-89': 1608, 't2010-19': 644, 't1969': 8516, 't2000-09': 7072, 't1970-79': 3192}","{'a125': 2440, 'a75': 1568, 'a50': 7676, 'a25': 7844, 'a3': 3000, 'a1': 952, 'a2': 1064}"
5,19561,county,0,66,0,0,45,22,67,0.6716,1967,2212.3484,2.9189575,"{'t1990-99': 7, 't1980-89': 8, 't1969': 27, 't2000-09': 14, 't1970-79': 11}","{'a125': 4, 'a75': 14, 'a50': 11, 'a25': 6, 'a3': 11, 'a1': 10, 'a2': 11}"
6,54523,county,0,2,0,0,2,1,3,0.6667,2008,2585.3333,11.760001,"{'t2010-19': 2, 't2000-09': 1}","{'a3': 1, 'a2': 2}"
7,25297,county,28,16003,103,77,13377,4510,17887,0.7479,1991,1861.0237,0.59499586,"{'t1990-99': 3131, 't1980-89': 5884, 't2010-19': 348, 't1969': 673, 't2000-09': 5891, 't1970-79': 1960}","{'a125': 512, 'a75': 1397, 'a50': 5275, 'a25': 8711, 'a3': 1070, 'a1': 429, 'a2': 493}"
8,73435,county,0,4628,52,0,1538,3177,4715,0.3262,1990,1828.3564,1.9026188,"{'t1990-99': 949, 't1980-89': 1108, 't2010-19': 288, 't1969': 370, 't2000-09': 1320, 't1970-79': 680}","{'a125': 130, 'a75': 201, 'a50': 815, 'a25': 508, 'a3': 1036, 'a1': 801, 'a2': 1224}"
9,58037,county,71,12900,888,740,11838,4018,15856,0.7466,1996,2765.1707,1.8859006,"{'t1990-99': 2791, 't1980-89': 2144, 't2010-19': 4076, 't1969': 1336, 't2000-09': 4731, 't1970-79': 778}","{'a125': 1651, 'a75': 561, 'a50': 1955, 'a25': 5621, 'a3': 2543, 'a1': 1246, 'a2': 2279}"
10,30423,county,0,31,0,0,21,10,31,0.6774,1967,1664.3871,2.4646134,"{'t1990-99': 3, 't1980-89': 6, 't2010-19': 1, 't1969': 13, 't1970-79': 8}","{'a125': 2, 'a75': 4, 'a50': 6, 'a25': 5, 'a3': 7, 'a1': 3, 'a2': 4}"
11,5145,county,306,8071,1585,92,3593,6539,10132,0.3546,1972,1670.6981,0.48909718,"{'t1990-99': 725, 't1980-89': 1405, 't2010-19': 817, 't1969': 4019, 't2000-09': 1817, 't1970-79': 1342, 't2020-29': 7}","{'a125': 4330, 'a75': 334, 'a50': 1041, 'a25': 3052, 'a3': 334, 'a1': 499, 'a2': 542}"
12,61826,county,0,1,0,0,1,0,1,1.0,0,3008.0,0.50000346,{'t1969': 1},{'a75': 1}
13,11330,county,0,488,10,4,437,86,523,0.8356,1974,1870.8203,3.5741186,"{'t1990-99': 111, 't1980-89': 64, 't2010-19': 19, 't1969': 188, 't2000-09': 74, 't1970-79': 67}","{'a125': 11, 'a75': 71, 'a50': 103, 'a25': 44, 'a3': 150, 'a1': 51, 'a2': 93}"
14,37433,county,0,3,0,1,4,0,4,1.0,0,2396.0,8.2775,{'t1969': 4},"{'a3': 3, 'a2': 1}"
15,15894,county,3,3624,0,167,3317,514,3831,0.8658,1991,2253.2542,5.191374,"{'t1990-99': 1120, 't1980-89': 404, 't2010-19': 203, 't1969': 302, 't2000-09': 1443, 't1970-79': 359}","{'a125': 3, 'a75': 34, 'a50': 9, 'a25': 15, 'a3': 2672, 'a1': 191, 'a2': 907}"
16,23995,county,0,19,0,0,14,8,22,0.6364,1981,2113.8,4.0840273,"{'t1990-99': 5, 't1980-89': 4, 't2010-19': 1, 't1969': 4, 't2000-09': 2, 't1970-79': 6}","{'a75': 2, 'a25': 3, 'a3': 9, 'a1': 3, 'a2': 5}"
17,14741,county,62,41470,1786,98,35742,8502,44244,0.8078,1991,1983.646,2.1248372,"{'t1990-99': 5224, 't1980-89': 5774, 't2010-19': 4952, 't1969': 5424, 't2000-09': 18634, 't1970-79': 4230, 't2020-29': 6}","{'a125': 5162, 'a75': 2108, 'a50': 12662, 'a25': 18516, 'a3': 2294, 'a1': 1622, 'a2': 1880}"
18,18775,county,0,130,0,2,92,40,132,0.697,1972,1450.434,6.8161435,"{'t1990-99': 24, 't1980-89': 10, 't2010-19': 4, 't1969': 50, 't2000-09': 30, 't1970-79': 14}","{'a125': 2, 'a75': 6, 'a50': 12, 'a25': 36, 'a3': 50, 'a1': 12, 'a2': 14}"
19,1988,county,7850,263135,46410,1000,250810,70975,321785,0.7794,1966,2009.8245,0.9962306,"{'t1990-99': 45510, 't1980-89': 37755, 't2010-19': 12250, 't1969': 137945, 't2000-09': 56265, 't1970-79': 32040, 't2020-29': 20}","{'a125': 59580, 'a75': 30490, 'a50': 89190, 'a25': 63855, 'a3': 32510, 'a1': 18620, 'a2': 27540}"
20,20378,county,0,131,3,1,68,68,136,0.5,1987,2506.0,2.6808112,"{'t1990-99': 14, 't1980-89': 26, 't2010-19': 2, 't1969': 23, 't2000-09': 60, 't1970-79': 11}","{'a125': 5, 'a75': 11, 'a50': 24, 'a25': 5, 'a3': 49, 'a1': 11, 'a2': 31}"
21,14052,county,2,9447,757,120,8634,1768,10402,0.83,1986,2449.472,1.4995786,"{'t1990-99': 2406, 't1980-89': 2005, 't2010-19': 935, 't1969': 1489, 't2000-09': 2177, 't1970-79': 1387, 't2020-29': 3}","{'a125': 1312, 'a75': 1037, 'a50': 1535, 'a25': 1348, 'a3': 1995, 'a1': 1446, 'a2': 1729}"
22,55371,county,0,40,0,0,20,23,43,0.4651,1975,2192.4883,12.1256075,"{'t1990-99': 3, 't1980-89': 9, 't2010-19': 1, 't1969': 10, 't2000-09': 3, 't1970-79': 17}","{'a75': 1, 'a50': 10, 'a25': 6, 'a3': 20, 'a1': 1, 'a2': 5}"
23,3175,county,0,12,0,0,12,0,12,1.0,0,1001.0833,0.6483368,{'t1969': 12},"{'a1': 1, 'a75': 5, 'a50': 4, 'a2': 2}"
24,30180,county,6,347,7,3,292,72,364,0.8022,1968,1607.241,0.4362572,"{'t1990-99': 56, 't1980-89': 17, 't2010-19': 14, 't1969': 151, 't2000-09': 105, 't1970-79': 21}","{'a125': 84, 'a75': 21, 'a50': 103, 'a25': 135, 'a3': 6, 'a1': 8, 'a2': 7}"
25,23806,county,42,3558,18,57,2298,1419,3717,0.6182,1967,2371.0664,4.986106,"{'t1990-99': 555, 't1980-89': 360, 't2010-19': 36, 't1969': 1629, 't2000-09': 582, 't1970-79': 555}","{'a125': 177, 'a75': 180, 'a50': 444, 'a25': 774, 'a3': 1254, 'a1': 306, 'a2': 582}"
26,42375,county,0,363,1,0,318,54,372,0.8548,1957,2243.8274,8.9771,"{'t1990-99': 41, 't1980-89': 15, 't2010-19': 7, 't1969': 195, 't2000-09': 48, 't1970-79': 66}","{'a125': 41, 'a75': 24, 'a50': 64, 'a25': 55, 'a3': 146, 'a1': 9, 'a2': 33}"
27,54206,county,13,5417,47,100,4523,1219,5742,0.7877,1991,2151.87,1.9638023,"{'t1990-99': 890, 't1980-89': 567, 't2010-19': 1102, 't1969': 718, 't2000-09': 1927, 't1970-79': 538}","{'a125': 88, 'a75': 284, 'a50': 587, 'a25': 690, 'a3': 929, 'a1': 2345, 'a2': 819}"
28,58540,county,0,229,1,3,165,69,234,0.7051,1991,2401.4565,1.8574636,"{'t1990-99': 47, 't1980-89': 49, 't2010-19': 19, 't1969': 27, 't2000-09': 64, 't1970-79': 28}","{'a125': 1, 'a75': 26, 'a50': 72, 'a25': 22, 'a3': 49, 'a1': 37, 'a2': 27}"
29,62637,county,63,37682,2577,466,31957,8872,40829,0.7827,1986,2552.4683,1.414893,"{'t1990-99': 8686, 't1980-89': 5087, 't2010-19': 3820, 't1969': 6662, 't2000-09': 10121, 't1970-79': 6453}","{'a125': 6795, 'a75': 1286, 'a50': 5654, 'a25': 21624, 'a3': 3423, 'a1': 807, 'a2': 1240}"
30,20815,county,76,37020,712,284,27920,12156,40076,0.6967,1999,1731.7377,0.91908234,"{'t1990-99': 3172, 't1980-89': 1452, 't2010-19': 5196, 't1969': 2620, 't2000-09': 26412, 't1970-79': 1224}","{'a125': 10924, 'a75': 1104, 'a50': 4484, 'a25': 18920, 'a3': 2728, 'a1': 852, 'a2': 1064}"
31,22266,county,1,140,0,4,76,69,145,0.5241,1965,1572.2124,6.439934,"{'t1990-99': 18, 't1980-89': 15, 't2010-19': 1, 't1969': 69, 't2000-09': 18, 't1970-79': 24}","{'a125': 2, 'a75': 14, 'a50': 43, 'a25': 20, 'a3': 43, 'a1': 11, 'a2': 12}"
32,22026,county,7,1156,3,56,770,453,1223,0.6296,1971,1745.5574,7.6941357,"{'t1990-99': 153, 't1980-89': 99, 't2010-19': 22, 't1969': 471, 't2000-09': 357, 't1970-79': 121}","{'a125': 10, 'a75': 92, 'a50': 191, 'a25': 53, 'a3': 566, 'a1': 110, 'a2': 201}"
33,26865,county,8,1848,2,10,1330,544,1874,0.7097,1951,1548.3796,1.079656,"{'t1990-99': 166, 't1980-89': 72, 't2010-19': 34, 't1969': 1172, 't2000-09': 218, 't1970-79': 212}","{'a125': 16, 'a75': 216, 'a50': 794, 'a25': 416, 'a3': 186, 'a1': 110, 'a2': 136}"
34,30036,county,0,4,0,0,1,3,4,0.25,1950,1641.0,0.39500389,"{'t1969': 3, 't1980-89': 1}","{'a1': 1, 'a50': 1, 'a25': 2}"
35,15634,county,0,7575,33,27,6294,1344,7638,0.824,1988,1974.2908,3.8005424,"{'t1990-99': 2070, 't1980-89': 582, 't2010-19': 444, 't1969': 1146, 't2000-09': 2844, 't1970-79': 552}","{'a125': 93, 'a75': 1059, 'a50': 1728, 'a25': 1482, 'a3': 1896, 'a1': 678, 'a2': 702}"
36,50498,county,0,103,0,1,66,38,104,0.6346,1961,1780.1228,1.4186841,"{'t1990-99': 9, 't1980-89': 12, 't1969': 51, 't2000-09': 13, 't1970-79': 19}","{'a125': 9, 'a75': 9, 'a50': 29, 'a25': 45, 'a3': 8, 'a1': 1, 'a2': 3}"
37,37969,county,9,8100,192,36,7371,993,8364,0.8813,1972,2292.9138,6.2667966,"{'t1990-99': 1413, 't1980-89': 1065, 't2010-19': 171, 't1969': 2721, 't2000-09': 1344, 't1970-79': 1650}","{'a125': 222, 'a75': 348, 'a50': 1104, 'a25': 456, 'a3': 4392, 'a1': 534, 'a2': 1308}"
38,72310,county,253,21519,271,360,17112,5501,22613,0.7567,1975,2114.9307,1.3747333,"{'t1990-99': 3836, 't1980-89': 1343, 't2010-19': 1590, 't1969': 7363, 't2000-09': 5523, 't1970-79': 2958}","{'a125': 4072, 'a75': 850, 'a50': 4224, 'a25': 8569, 'a3': 3184, 'a1': 689, 'a2': 1025}"
39,16280,county,1,436,0,4,345,96,441,0.7823,1978,1949.0482,6.1604347,"{'t1990-99': 47, 't1980-89': 33, 't2010-19': 21, 't1969': 127, 't2000-09': 180, 't1970-79': 33}","{'a75': 28, 'a50': 30, 'a25': 5, 'a3': 178, 'a1': 76, 'a2': 124}"
40,12181,county,186,14376,1875,66,14241,2478,16719,0.8518,1967,2270.378,1.1653655,"{'t1990-99': 1848, 't1980-89': 1818, 't2010-19': 318, 't1969': 7629, 't2000-09': 3456, 't1970-79': 1650}","{'a125': 3192, 'a75': 1152, 'a50': 3759, 'a25': 3864, 'a3': 1737, 'a1': 1086, 'a2': 1929}"
41,69403,county,100,13185,1366,161,9573,5242,14815,0.6462,1973,5949.28,1.686119,"{'t1990-99': 1697, 't1980-89': 1880, 't2010-19': 327, 't1969': 6182, 't2000-09': 2477, 't1970-79': 2252}","{'a125': 3114, 'a75': 438, 'a50': 1676, 'a25': 7569, 'a3': 1156, 'a1': 326, 'a2': 536}"
42,37871,county,0,71,0,2,55,18,73,0.7534,1944,1729.7778,0.75657624,"{'t1990-99': 1, 't1980-89': 2, 't1969': 58, 't2000-09': 3, 't1970-79': 9}","{'a125': 7, 'a75': 2, 'a50': 17, 'a25': 36, 'a3': 8, 'a2': 3}"
43,22714,county,2,336,0,6,196,148,344,0.5698,1974,1549.884,5.055308,"{'t1990-99': 52, 't1980-89': 36, 't1969': 130, 't2000-09': 68, 't1970-79': 58}","{'a75': 56, 'a50': 52, 'a25': 16, 'a3': 116, 'a1': 46, 'a2': 58}"
44,59377,county,0,3,0,0,1,2,3,0.3333,1981,2512.0,0.7909985,"{'t1969': 1, 't2000-09': 1, 't1990-99': 1}","{'a50': 1, 'a2': 2}"
45,22976,county,0,12,0,0,7,5,12,0.5833,1995,797.3333,1.3166693,"{'t1969': 2, 't2000-09': 4, 't2010-19': 3, 't1990-99': 3}","{'a75': 5, 'a50': 1, 'a3': 3, 'a1': 2, 'a2': 1}"
46,63,county,572,36484,780,174,31578,6454,38032,0.8303,1958,2166.0356,1.8011622,"{'t1990-99': 3868, 't1980-89': 4902, 't2010-19': 820, 't1969': 19974, 't2000-09': 3210, 't1970-79': 5256, 't2020-29': 2}","{'a125': 1274, 'a75': 5520, 'a50': 10410, 'a25': 4940, 'a3': 5686, 'a1': 4390, 'a2': 5812}"
47,58793,county,0,1112,36,6,602,552,1154,0.5217,1987,1858.8901,2.5109525,"{'t1990-99': 348, 't1980-89': 258, 't2010-19': 46, 't1969': 104, 't2000-09': 228, 't1970-79': 170}","{'a125': 94, 'a75': 104, 'a50': 368, 'a25': 236, 'a3': 204, 'a1': 72, 'a2': 76}"
48,5801,county,207,164484,7479,522,126369,54135,180504,0.7001,1970,1984.8525,2.7285664,"{'t1990-99': 24750, 't1980-89': 25344, 't2010-19': 3114, 't1969': 76626, 't2000-09': 27603, 't1970-79': 23067}","{'a125': 13851, 'a75': 22356, 'a50': 37665, 'a25': 27117, 'a3': 33930, 'a1': 16182, 'a2': 29403}"
49,28617,county,0,43,0,0,30,15,45,0.6667,1963,1864.0,1.1038337,"{'t1990-99': 6, 't1980-89': 4, 't1969': 26, 't2000-09': 3, 't1970-79': 6}","{'a125': 1, 'a75': 4, 'a50': 17, 'a25': 11, 'a3': 3, 'a1': 4, 'a2': 5}"
50,1088,county,4,316,2,9,91,240,331,0.2749,1974,2784.4255,1.1037644,"{'t1990-99': 77, 't1980-89': 87, 't2010-19': 21, 't1969': 66, 't2000-09': 46, 't1970-79': 34}","{'a125': 49, 'a75': 25, 'a50': 59, 'a25': 87, 'a3': 43, 'a1': 23, 'a2': 45}"
51,14025,county,154,215411,44534,896,227640,36085,263725,0.8632,1977,2433.231,0.7971911,"{'t1990-99': 48587, 't1980-89': 50330, 't2010-19': 13790, 't1969': 73423, 't2000-09': 34573, 't1970-79': 43015, 't2020-29': 7}","{'a125': 50267, 'a75': 22694, 'a50': 69468, 'a25': 69139, 'a3': 19040, 'a1': 14847, 'a2': 18270}"
52,18211,county,8,576,0,1,394,191,585,0.6735,1948,1409.464,2.1978943,"{'t1990-99': 25, 't1980-89': 21, 't2010-19': 5, 't1969': 448, 't2000-09': 21, 't1970-79': 65}","{'a125': 2, 'a75': 73, 'a50': 54, 'a25': 12, 'a3': 123, 'a1': 108, 'a2': 213}"
53,64315,county,1,91,0,4,43,53,96,0.4479,1980,2352.8696,13.211929,"{'t1990-99': 23, 't1980-89': 9, 't2010-19': 1, 't1969': 24, 't2000-09': 26, 't1970-79': 13}","{'a125': 2, 'a75': 4, 'a50': 14, 'a25': 10, 'a3': 51, 'a1': 8, 'a2': 7}"
54,24119,county,215,37749,8761,258,35822,12474,48296,0.7417,1985,1818.0707,0.32527414,"{'t1990-99': 8252, 't1980-89': 11697, 't2010-19': 1506, 't1969': 10582, 't2000-09': 11619, 't1970-79': 4640}","{'a125': 9938, 'a75': 1417, 'a50': 9623, 'a25': 24018, 'a3': 835, 'a1': 1008, 'a2': 1457}"
55,41180,county,0,558,6,0,648,243,891,0.7273,1966,2125.721,5.0162945,"{'t1990-99': 135, 't1980-89': 93, 't1969': 402, 't2000-09': 159, 't1970-79': 102}","{'a125': 12, 'a75': 99, 'a50': 258, 'a25': 126, 'a3': 225, 'a1': 66, 'a2': 105}"
56,66247,county,4,444,0,4,20,434,454,0.0441,1986,1589.9282,3.8543034,"{'t1990-99': 110, 't1980-89': 156, 't2010-19': 6, 't1969': 50, 't2000-09': 82, 't1970-79': 50}","{'a125': 28, 'a75': 88, 'a50': 92, 'a25': 106, 'a3': 92, 'a1': 20, 'a2': 28}"
57,20573,county,35,93185,4430,515,77730,20565,98295,0.7908,1983,2185.422,1.5818218,"{'t1990-99': 20450, 't1980-89': 15610, 't2010-19': 2720, 't1969': 21250, 't2000-09': 25695, 't1970-79': 12565, 't2020-29': 5}","{'a125': 6680, 'a75': 17940, 'a50': 24905, 'a25': 11685, 'a3': 10980, 'a1': 12745, 'a2': 13360}"
58,46869,county,0,139,3,0,68,74,142,0.4789,1957,2186.4648,2.1471012,"{'t1990-99': 21, 't1980-89': 7, 't2010-19': 2, 't1969': 68, 't2000-09': 26, 't1970-79': 18}","{'a125': 10, 'a75': 16, 'a50': 35, 'a25': 32, 'a3': 19, 'a1': 19, 'a2': 11}"
59,62089,county,0,2,0,0,1,1,2,0.5,1978,2287.5,0.32750458,"{'t1980-89': 1, 't1970-79': 1}","{'a50': 1, 'a25': 1}"
60,58946,county,2884,168078,4642,2009,150788,50998,201786,0.7473,1985,2159.5027,0.32399452,"{'t1990-99': 30213, 't1980-89': 34677, 't2010-19': 13173, 't1969': 43054, 't2000-09': 59395, 't1970-79': 21274}","{'a125': 22670, 'a75': 4928, 'a50': 33263, 'a25': 130457, 'a3': 2557, 'a1': 3334, 'a2': 4577}"
61,16186,county,212,6975,665,21,6758,1116,7874,0.8583,1962,2065.05,0.50138474,"{'t1990-99': 155, 't1980-89': 227, 't2010-19': 1098, 't1969': 5131, 't2000-09': 1097, 't1970-79': 166}","{'a125': 2483, 'a75': 16, 'a50': 1055, 'a25': 3683, 'a3': 125, 'a1': 267, 'a2': 245}"
62,64474,county,54,2924,34,2,2782,235,3017,0.9221,1986,2276.1687,0.3694539,"{'t1990-99': 910, 't1980-89': 72, 't2010-19': 193, 't1969': 713, 't2000-09': 969, 't1970-79': 160}","{'a125': 197, 'a75': 125, 'a50': 510, 'a25': 2013, 'a3': 51, 'a1': 60, 'a2': 61}"
63,27582,county,12,26931,327,360,16905,10740,27645,0.6115,1990,2113.8071,4.195695,"{'t1990-99': 6615, 't1980-89': 2367, 't2010-19': 969, 't1969': 3444, 't2000-09': 11613, 't1970-79': 2637}","{'a125': 597, 'a75': 6090, 'a50': 6555, 'a25': 2244, 'a3': 4095, 'a1': 3684, 'a2': 4380}"
64,28056,county,0,13105,360,45,9870,3675,13545,0.7287,1957,1893.7942,2.0149226,"{'t1990-99': 1360, 't1980-89': 895, 't2010-19': 285, 't1969': 7525, 't2000-09': 1890, 't1970-79': 1590}","{'a125': 790, 'a75': 900, 'a50': 4025, 'a25': 4830, 'a3': 1565, 'a1': 515, 'a2': 920}"
65,28798,county,0,213,0,1,187,43,230,0.813,1989,2760.9702,5.012913,"{'t1990-99': 50, 't1980-89': 51, 't2010-19': 17, 't1969': 22, 't2000-09': 58, 't1970-79': 32}","{'a75': 5, 'a50': 5, 'a25': 1, 'a3': 157, 'a1': 19, 'a2': 43}"
66,61614,county,0,1,0,0,0,1,1,0.0,1965,1901.0,0.16099744,{'t1969': 1},{'a25': 1}
67,72905,county,54,4458,29,254,2719,2155,4874,0.5579,1976,6743.418,1.2347224,"{'t1990-99': 795, 't1980-89': 380, 't2010-19': 644, 't1969': 1772, 't2000-09': 873, 't1970-79': 410}","{'a125': 341, 'a75': 344, 'a50': 1233, 'a25': 1890, 'a3': 517, 'a1': 202, 'a2': 347}"
68,54308,county,0,1,0,0,1,0,1,1.0,0,3186.0,14.0,{'t1969': 1},{'a3': 1}
69,17816,county,0,29,0,0,24,8,32,0.75,1958,2160.2666,2.453247,"{'t1990-99': 5, 't1980-89': 1, 't1969': 21, 't2000-09': 4, 't1970-79': 1}","{'a125': 1, 'a75': 4, 'a50': 3, 'a3': 5, 'a1': 2, 'a2': 17}"
70,35474,county,0,137,2,0,92,48,140,0.6571,1933,2098.818,1.7398628,"{'t1990-99': 5, 't1980-89': 5, 't2010-19': 2, 't1969': 111, 't2000-09': 6, 't1970-79': 11}","{'a125': 7, 'a75': 11, 'a50': 33, 'a25': 48, 'a3': 17, 'a1': 9, 'a2': 15}"
71,41683,county,64,11080,1672,8,11242,1596,12838,0.8757,1970,2080.4314,2.1267006,"{'t1990-99': 1736, 't1980-89': 946, 't2010-19': 458, 't1969': 4726, 't2000-09': 3542, 't1970-79': 1430}","{'a125': 1510, 'a75': 676, 'a50': 4408, 'a25': 3832, 'a3': 1584, 'a1': 374, 'a2': 454}"
72,71267,county,2,1424,55,2,911,597,1508,0.6041,1978,2021.7632,1.8139151,"{'t1990-99': 161, 't1980-89': 101, 't2010-19': 174, 't1969': 470, 't2000-09': 472, 't1970-79': 130}","{'a125': 379, 'a75': 89, 'a50': 150, 'a25': 439, 'a3': 293, 'a1': 66, 'a2': 92}"
73,71379,county,55,3931,79,7,2124,1996,4120,0.5155,1964,1917.1935,0.5570675,"{'t1990-99': 532, 't1980-89': 276, 't2010-19': 172, 't1969': 1988, 't2000-09': 675, 't1970-79': 477}","{'a125': 1402, 'a75': 155, 'a50': 664, 'a25': 1238, 'a3': 238, 'a1': 160, 'a2': 263}"
74,65875,county,0,103,0,0,45,60,105,0.4286,1964,1722.3905,1.6271983,"{'t1990-99': 24, 't1980-89': 6, 't2010-19': 3, 't1969': 42, 't2000-09': 12, 't1970-79': 18}","{'a125': 9, 'a75': 1, 'a50': 18, 'a25': 48, 'a3': 10, 'a1': 11, 'a2': 8}"
75,41652,county,46,7353,420,3,7041,789,7830,0.8992,1972,1886.4419,0.9291133,"{'t1990-99': 1088, 't1980-89': 1140, 't2010-19': 366, 't1969': 3349, 't2000-09': 627, 't1970-79': 1260}","{'a125': 675, 'a75': 206, 'a50': 2562, 'a25': 2890, 'a3': 756, 'a1': 375, 'a2': 366}"
76,71868,county,17,747,18,6,463,347,810,0.5716,1968,1806.1381,2.594234,"{'t1990-99': 70, 't1980-89': 40, 't2010-19': 14, 't1969': 377, 't2000-09': 171, 't1970-79': 138}","{'a125': 68, 'a75': 46, 'a50': 181, 'a25': 295, 'a3': 97, 'a1': 47, 'a2': 76}"
77,27993,county,0,22,0,0,16,7,23,0.6957,1961,1755.6471,7.401615,"{'t1990-99': 2, 't1980-89': 2, 't1969': 13, 't2000-09': 3, 't1970-79': 3}","{'a75': 4, 'a3': 8, 'a50': 10, 'a2': 1}"
78,15731,county,0,2515,25,83,2359,303,2662,0.8862,1994,2272.652,2.676313,"{'t1990-99': 443, 't1980-89': 356, 't2010-19': 292, 't1969': 275, 't2000-09': 1057, 't1970-79': 239}","{'a125': 66, 'a75': 642, 'a50': 563, 'a25': 184, 'a3': 635, 'a1': 239, 'a2': 333}"
79,54212,county,45,21880,591,217,19101,5172,24273,0.7869,1994,2401.3364,1.4793804,"{'t1990-99': 5407, 't1980-89': 3773, 't2010-19': 2998, 't1969': 1462, 't2000-09': 8600, 't1970-79': 2033}","{'a125': 20, 'a75': 217, 'a50': 213, 'a25': 104, 'a3': 1893, 'a1': 19801, 'a2': 2025}"
80,54237,county,0,28,0,2,21,9,30,0.7,1986,1637.6786,4.3553333,"{'t1990-99': 7, 't1980-89': 4, 't1969': 6, 't2000-09': 7, 't1970-79': 6}","{'a1': 9, 'a3': 12, 'a2': 9}"
81,28053,county,0,1410,10,0,1043,385,1428,0.7304,1981,1763.7979,7.454861,"{'t1990-99': 261, 't1980-89': 164, 't2010-19': 47, 't1969': 379, 't2000-09': 324, 't1970-79': 253}","{'a125': 1, 'a75': 166, 'a50': 150, 'a25': 33, 'a3': 578, 'a1': 176, 'a2': 324}"
82,64307,county,0,0,0,1,0,1,1,0.0,0,0.0,0.32601234,{'t1969': 1},{'a50': 1}
83,23960,county,0,633,6,7,499,227,726,0.6873,1984,1940.7471,4.312892,"{'t1990-99': 164, 't1980-89': 160, 't2010-19': 14, 't1969': 129, 't2000-09': 158, 't1970-79': 101}","{'a125': 27, 'a75': 50, 'a50': 120, 'a25': 116, 'a3': 244, 'a1': 43, 'a2': 126}"
84,2015,county,13224,683864,46672,4320,590184,167016,757200,0.7794,1971,1933.5858,1.0958945,"{'t1990-99': 106448, 't1980-89': 83024, 't2010-19': 51800, 't1969': 302080, 't2000-09': 128544, 't1970-79': 85296, 't2020-29': 8}","{'a125': 74856, 'a75': 64968, 'a50': 271064, 'a25': 166016, 'a3': 74944, 'a1': 38512, 'a2': 66840}"
85,45583,county,0,37,0,0,19,19,38,0.5,1961,2047.3948,0.4389504,"{'t1990-99': 3, 't1980-89': 2, 't1969': 23, 't2000-09': 1, 't1970-79': 9}","{'a125': 2, 'a50': 7, 'a25': 25, 'a3': 1, 'a1': 1, 'a2': 2}"
86,37750,county,0,6,0,0,1,5,6,0.1667,1918,1292.6666,0.3316701,{'t1969': 6},"{'a1': 1, 'a50': 2, 'a25': 1, 'a125': 2}"
87,59150,county,0,478,0,41,411,111,522,0.7874,1988,2211.3633,18.341684,"{'t1990-99': 85, 't1980-89': 65, 't2010-19': 57, 't1969': 94, 't2000-09': 168, 't1970-79': 53}","{'a125': 1, 'a75': 9, 'a50': 14, 'a25': 5, 'a3': 391, 'a1': 38, 'a2': 64}"
88,43142,county,0,549,6,2,421,140,561,0.7504,1980,1780.2686,15.570939,"{'t1990-99': 49, 't1980-89': 57, 't2010-19': 9, 't1969': 134, 't2000-09': 206, 't1970-79': 106}","{'a125': 8, 'a75': 26, 'a50': 23, 'a25': 3, 'a3': 445, 'a1': 14, 'a2': 42}"
89,21882,county,10,1904,12,49,1529,451,1980,0.7722,1980,1889.1884,3.6857412,"{'t1990-99': 359, 't1980-89': 167, 't2010-19': 23, 't1969': 618, 't2000-09': 636, 't1970-79': 177}","{'a125': 18, 'a75': 298, 'a50': 419, 'a25': 97, 'a3': 539, 'a1': 262, 'a2': 347}"
90,3570,county,1371,24566,32,175,23555,2605,26160,0.9004,1958,2890.5781,2.4746172,"{'t1990-99': 2518, 't1980-89': 3271, 't2010-19': 271, 't1969': 14564, 't2000-09': 2599, 't1970-79': 2937}","{'a125': 902, 'a75': 2303, 'a50': 5937, 'a25': 3631, 'a3': 6511, 'a1': 2434, 'a2': 4442}"
91,3921,county,8703,198309,1128,1080,193683,15636,209319,0.9253,1959,2670.9321,1.0205268,"{'t1990-99': 17607, 't1980-89': 16305, 't2010-19': 3705, 't1969': 131235, 't2000-09': 18042, 't1970-79': 22425}","{'a125': 21126, 'a75': 16065, 'a50': 38514, 'a25': 50592, 'a3': 28242, 'a1': 19845, 'a2': 34935}"
92,4963,county,440,46731,7368,250,46661,9194,55855,0.8354,1967,2026.2396,0.6204523,"{'t1990-99': 8033, 't1980-89': 7451, 't2010-19': 736, 't1969': 26208, 't2000-09': 5969, 't1970-79': 7455, 't2020-29': 3}","{'a125': 10883, 'a75': 2979, 'a50': 12331, 'a25': 22903, 'a3': 1836, 'a1': 1965, 'a2': 2958}"
93,63642,county,0,14,2,0,9,8,17,0.5294,1961,1924.0588,2.6229916,"{'t1990-99': 2, 't2010-19': 1, 't1969': 11, 't2000-09': 1, 't1970-79': 2}","{'a125': 1, 'a50': 5, 'a25': 9, 'a3': 1, 'a2': 1}"
94,10501,county,0,202,0,2,138,79,217,0.6359,1945,1335.5853,4.1435065,"{'t1990-99': 10, 't1980-89': 18, 't2010-19': 2, 't1969': 144, 't2000-09': 20, 't1970-79': 23}","{'a125': 5, 'a75': 28, 'a50': 39, 'a25': 29, 'a3': 51, 'a1': 29, 'a2': 36}"
95,67698,county,1332,241818,16898,550,176660,84911,261571,0.6754,1979,1762.002,0.39727214,"{'t1990-99': 33459, 't1980-89': 60296, 't2010-19': 3848, 't1969': 78650, 't2000-09': 52290, 't1970-79': 33028}","{'a125': 51190, 'a75': 10266, 'a50': 39231, 'a25': 140663, 'a3': 8903, 'a1': 4778, 'a2': 6540}"
96,63934,county,0,250,0,0,187,67,254,0.7362,1985,2153.5117,4.7178655,"{'t1990-99': 44, 't1980-89': 24, 't2010-19': 19, 't1969': 43, 't2000-09': 75, 't1970-79': 49}","{'a75': 13, 'a50': 20, 'a25': 21, 'a3': 118, 'a1': 34, 'a2': 48}"
97,16889,county,2,3298,20,10,2350,1008,3358,0.6998,1957,1473.1755,4.219533,"{'t1990-99': 484, 't1980-89': 230, 't2010-19': 46, 't1969': 1708, 't2000-09': 576, 't1970-79': 314}","{'a125': 164, 'a75': 232, 'a50': 718, 'a25': 870, 'a3': 876, 'a1': 162, 'a2': 336}"
98,62297,county,220,52554,13860,6737,61409,11978,73387,0.8368,1980,2309.262,0.47236222,"{'t1990-99': 9692, 't1980-89': 19893, 't2010-19': 588, 't1969': 14085, 't2000-09': 12425, 't1970-79': 16704}","{'a125': 26875, 'a75': 568, 'a50': 6818, 'a25': 37171, 'a3': 948, 'a1': 520, 'a2': 487}"
99,15722,county,0,38,0,0,33,5,38,0.8684,1956,2364.5789,52.22716,"{'t1990-99': 4, 't1980-89': 2, 't2010-19': 1, 't1969': 27, 't2000-09': 3, 't1970-79': 1}","{'a75': 2, 'a3': 34, 'a2': 2}"
0,91866,neighborhood,0,3,0,0,2,1,3,0.6667,1953,1542.0,0.16000263,{'t1969': 3},{'a25': 3}
1,186692,neighborhood,0,1,0,0,1,0,1,1.0,2002,4204.0,1.0,{'t2000-09': 1},{'a1': 1}
2,189978,neighborhood,0,12,0,0,7,5,12,0.5833,1939,1107.7142,0.29048446,"{'t1969': 11, 't2010-19': 1}","{'a1': 1, 'a50': 4, 'a25': 7}"
3,114411,neighborhood,0,3,0,0,2,1,3,0.6667,1944,1627.3334,0.25884017,{'t1969': 3},"{'a50': 1, 'a25': 2}"
4,103837,neighborhood,0,2,0,0,2,0,2,1.0,1952,1886.5,0.3616072,{'t1969': 2},{'a50': 2}
5,93486,neighborhood,0,2,8,0,4,12,16,0.25,1982,891.0625,0.12192749,"{'t1990-99': 1, 't1980-89': 8, 't1969': 2, 't2000-09': 2, 't1970-79': 3}","{'a50': 2, 'a25': 6, 'a125': 8}"
6,157685,neighborhood,0,11,0,0,10,1,11,0.9091,1983,1792.8182,0.24363847,{'t1980-89': 11},"{'a50': 5, 'a25': 6}"
7,89526,neighborhood,0,75,22,0,86,11,97,0.8866,1963,1255.7217,0.36609986,"{'t1969': 63, 't2000-09': 13, 't1980-89': 9, 't1970-79': 12}","{'a125': 5, 'a75': 1, 'a50': 19, 'a25': 58, 'a2': 14}"
8,95312,neighborhood,1,310,2,0,263,50,313,0.8403,1952,1345.1123,0.058640305,"{'t1990-99': 11, 't1980-89': 6, 't1969': 250, 't2000-09': 4, 't1970-79': 42}","{'a25': 3, 'a125': 310}"
9,87906,neighborhood,0,328,72,16,217,215,432,0.5023,2006,3543.238,3.845926,"{'t1990-99': 22, 't1980-89': 25, 't2010-19': 209, 't1969': 1, 't2000-09': 175}","{'a125': 35, 'a75': 24, 'a50': 81, 'a25': 174, 'a3': 77, 'a1': 31, 'a2': 10}"
10,82299,neighborhood,0,361,0,0,351,23,374,0.9385,2001,2959.917,0.2524204,"{'t1990-99': 141, 't2010-19': 57, 't1969': 1, 't2000-09': 174, 't1970-79': 1}","{'a75': 1, 'a50': 100, 'a25': 271, 'a3': 1, 'a2': 1}"
11,81290,neighborhood,0,61,0,0,55,6,61,0.9016,1985,2075.8164,0.50796705,"{'t1969': 2, 't1990-99': 21, 't1980-89': 30, 't1970-79': 8}","{'a1': 2, 'a75': 18, 'a50': 40, 'a2': 1}"
12,163020,neighborhood,0,4,0,0,4,0,4,1.0,2006,3414.75,0.12999976,{'t2000-09': 4},"{'a25': 2, 'a125': 2}"
13,117535,neighborhood,0,35,0,0,33,2,35,0.9429,1991,1492.0714,0.19583373,"{'t1980-89': 1, 't1990-99': 34}","{'a50': 4, 'a25': 31}"
14,133122,neighborhood,0,153,0,0,99,55,154,0.6429,1983,1359.8116,0.08779489,{'t1980-89': 154},"{'a25': 10, 'a125': 144}"
15,108012,neighborhood,0,3,0,0,1,2,3,0.3333,1989,2807.6667,0.29867056,"{'t2000-09': 1, 't1980-89': 2}",{'a50': 3}
16,130611,neighborhood,0,18,0,0,13,5,18,0.7222,1960,1611.3077,0.33790156,"{'t1969': 16, 't1970-79': 2}","{'a75': 1, 'a50': 14, 'a25': 3}"
17,115915,neighborhood,1,62,1,0,55,9,64,0.8594,1972,2184.4126,0.27500838,"{'t1990-99': 10, 't1980-89': 8, 't2010-19': 3, 't1969': 22, 't2000-09': 14, 't1970-79': 7}","{'a75': 2, 'a50': 40, 'a25': 21, 'a125': 1}"
18,90524,neighborhood,0,17,0,0,13,4,17,0.7647,2000,1424.2941,0.12475915,"{'t2000-09': 9, 't1990-99': 8}","{'a25': 4, 'a125': 13}"
19,83072,neighborhood,0,1,0,0,1,0,1,1.0,1930,1523.0,0.14029023,{'t1969': 1},{'a25': 1}
20,122548,neighborhood,0,5,0,0,5,2,7,0.7143,1995,2666.7144,1.3700019,"{'t2000-09': 2, 't1990-99': 3, 't1980-89': 2}","{'a1': 1, 'a3': 1, 'a2': 5}"
21,185468,neighborhood,0,1,0,0,1,0,1,1.0,1957,1306.0,0.2899928,{'t1969': 1},{'a50': 1}
22,146498,neighborhood,0,49,0,0,35,14,49,0.7143,1983,1289.8723,0.1881796,"{'t1969': 2, 't1980-89': 47}","{'a3': 1, 'a25': 1, 'a125': 47}"
23,91910,neighborhood,0,20,0,0,16,4,20,0.8,1973,1504.1765,0.18449965,"{'t1969': 8, 't1980-89': 1, 't1970-79': 11}","{'a50': 3, 'a25': 17}"
24,197997,neighborhood,1,23,15,0,13,26,39,0.3333,1944,1361.641,0.06938606,"{'t1969': 27, 't2000-09': 1, 't1990-99': 1, 't1980-89': 10}","{'a25': 1, 'a125': 38}"
25,178178,neighborhood,0,5,0,0,5,0,5,1.0,1992,3773.0,1.1724539,"{'t2010-19': 1, 't1990-99': 1, 't1980-89': 3}","{'a1': 1, 'a2': 4}"
26,99327,neighborhood,0,32,0,1,15,20,35,0.4286,1963,1171.7273,0.23734194,"{'t1990-99': 1, 't1980-89': 5, 't1969': 19, 't2000-09': 3, 't1970-79': 7}","{'a125': 2, 'a75': 1, 'a50': 7, 'a25': 24, 'a1': 1}"
27,191092,neighborhood,0,13,1,0,14,0,14,1.0,1993,4425.143,0.15086028,"{'t2000-09': 1, 't1990-99': 12, 't1980-89': 1}","{'a25': 10, 'a125': 4}"
28,99822,neighborhood,0,22,0,0,19,3,22,0.8636,2002,4025.7273,0.31439716,{'t2000-09': 22},"{'a50': 17, 'a25': 5}"
29,112585,neighborhood,0,1,0,0,1,0,1,1.0,1976,2200.0,2.1,{'t1970-79': 1},{'a3': 1}
30,86358,neighborhood,45,345,0,3,317,76,393,0.8066,1934,7133.4146,0.13830018,"{'t1990-99': 10, 't1980-89': 9, 't2010-19': 5, 't1969': 359, 't2000-09': 4, 't1970-79': 6}","{'a75': 2, 'a50': 20, 'a25': 183, 'a125': 188}"
31,187907,neighborhood,0,0,8,0,8,0,8,1.0,1992,1700.5,0.11500022,{'t1990-99': 8},"{'a25': 4, 'a125': 4}"
32,77943,neighborhood,1,132,0,0,87,46,133,0.6541,1933,1474.5564,0.20473841,"{'t1990-99': 1, 't1980-89': 15, 't2010-19': 3, 't1969': 105, 't2000-09': 3, 't1970-79': 6}","{'a1': 1, 'a50': 37, 'a25': 71, 'a125': 24}"
33,191416,neighborhood,0,6,0,0,6,0,6,1.0,1994,2972.6667,1.4666667,{'t1990-99': 6},"{'a3': 1, 'a2': 5}"
34,97707,neighborhood,0,6,0,0,3,3,6,0.5,1959,1399.8334,0.3467387,"{'t1969': 4, 't1970-79': 2}","{'a75': 1, 'a50': 4, 'a25': 1}"
35,188636,neighborhood,0,1,25,0,8,18,26,0.3077,1980,1459.0667,0.016395716,{'t1980-89': 26},{'a125': 26}
36,86402,neighborhood,3,943,135,2,1025,58,1083,0.9464,1990,2585.1812,0.902383,"{'t1990-99': 532, 't1980-89': 119, 't2010-19': 1, 't1969': 66, 't2000-09': 252, 't1970-79': 113}","{'a125': 139, 'a75': 99, 'a50': 76, 'a25': 116, 'a3': 75, 'a1': 373, 'a2': 205}"
37,79068,neighborhood,1,443,5,0,361,88,449,0.804,1995,1870.2662,0.3009811,"{'t1990-99': 32, 't1980-89': 36, 't2010-19': 35, 't1969': 12, 't2000-09': 247, 't1970-79': 87}","{'a125': 99, 'a75': 34, 'a50': 113, 'a25': 189, 'a3': 2, 'a1': 6, 'a2': 6}"
38,116031,neighborhood,0,35,8,0,42,1,43,0.9767,1987,2084.0698,0.21457408,"{'t1990-99': 14, 't1980-89': 9, 't2010-19': 6, 't1969': 4, 't2000-09': 1, 't1970-79': 9}","{'a1': 1, 'a50': 10, 'a25': 24, 'a125': 8}"
39,76719,neighborhood,0,42,0,0,27,16,43,0.6279,1980,1629.5116,1.1364417,"{'t1990-99': 7, 't1980-89': 11, 't2010-19': 1, 't1969': 7, 't2000-09': 3, 't1970-79': 14}","{'a1': 29, 'a75': 1, 'a3': 3, 'a2': 10}"
40,94872,neighborhood,4,121,0,5,68,63,131,0.5191,1958,1132.4921,0.13643532,"{'t1990-99': 5, 't1980-89': 3, 't2010-19': 2, 't1969': 105, 't2000-09': 13, 't1970-79': 3}","{'a50': 3, 'a25': 88, 'a125': 40}"
41,82956,neighborhood,2,68,0,0,58,12,70,0.8286,1984,1928.3,0.17406124,"{'t2000-09': 1, 't1990-99': 2, 't1980-89': 67}","{'a50': 3, 'a25': 60, 'a125': 7}"
42,145156,neighborhood,0,104,6,0,97,13,110,0.8818,1994,1706.6818,0.21459709,"{'t1990-99': 109, 't1970-79': 1}","{'a50': 14, 'a2': 1, 'a25': 95}"
43,113025,neighborhood,0,11,0,0,8,3,11,0.7273,2000,2333.4443,0.4236422,"{'t2000-09': 10, 't1990-99': 1}","{'a75': 4, 'a50': 7}"
44,93035,neighborhood,1,5,559,0,296,269,565,0.5239,2007,1208.6248,0.026221622,{'t2000-09': 565},{'a125': 565}
45,132231,neighborhood,0,28,0,0,23,6,29,0.7931,1999,1600.7407,0.27171746,"{'t2000-09': 17, 't1990-99': 12}","{'a75': 1, 'a50': 12, 'a25': 16}"
46,164975,neighborhood,0,10,0,0,8,2,10,0.8,1999,2264.9,0.22299972,"{'t2000-09': 2, 't1990-99': 8}",{'a25': 10}
47,162904,neighborhood,0,2,0,0,2,0,2,1.0,2012,4989.0,0.33500004,{'t2010-19': 2},{'a50': 2}
48,97545,neighborhood,0,4,1,0,2,3,5,0.4,1956,1514.8,0.30600765,"{'t1969': 4, 't1980-89': 1}","{'a1': 1, 'a25': 3, 'a125': 1}"
49,162247,neighborhood,0,1,0,0,1,0,1,1.0,1957,912.0,0.26999727,{'t1969': 1},{'a50': 1}
50,93981,neighborhood,0,1,0,0,1,0,1,1.0,2008,4458.0,0.3280096,{'t2000-09': 1},{'a50': 1}
51,135193,neighborhood,0,176,0,0,161,22,183,0.8798,1997,2012.7268,0.18713833,"{'t2000-09': 20, 't1990-99': 163}","{'a50': 9, 'a25': 172, 'a125': 2}"
52,84125,neighborhood,0,120,41,0,107,59,166,0.6446,1986,1518.3354,0.5269661,"{'t1990-99': 57, 't1980-89': 45, 't2010-19': 13, 't1969': 31, 't2000-09': 10, 't1970-79': 10}","{'a125': 47, 'a75': 5, 'a50': 58, 'a25': 40, 'a3': 10, 'a1': 5, 'a2': 1}"
53,100056,neighborhood,0,27,2,0,23,6,29,0.7931,1968,2030.8966,0.268475,"{'t1969': 17, 't2000-09': 2, 't1970-79': 10}","{'a1': 1, 'a50': 9, 'a25': 17, 'a125': 2}"
54,92757,neighborhood,0,122,0,0,115,7,122,0.9426,1983,2361.8525,0.2576443,"{'t1990-99': 4, 't1980-89': 118}","{'a50': 41, 'a25': 81}"
55,177449,neighborhood,0,1,33,0,31,3,34,0.9118,2005,2458.0293,0.077519715,{'t2000-09': 34},{'a125': 34}
56,88022,neighborhood,0,40,0,0,38,6,44,0.8636,1992,4204.1816,0.49096882,{'t1990-99': 44},"{'a75': 6, 'a50': 38}"
57,143536,neighborhood,0,13,0,0,13,0,13,1.0,1981,2963.3635,0.29262578,"{'t1990-99': 1, 't1980-89': 5, 't1970-79': 7}","{'a50': 7, 'a25': 6}"
58,138479,neighborhood,0,380,0,1,363,24,387,0.938,2004,4174.6733,0.24956915,"{'t2010-19': 27, 't2000-09': 360}","{'a1': 1, 'a75': 5, 'a50': 160, 'a25': 221}"
59,96159,neighborhood,1,1441,426,0,1571,297,1868,0.841,1977,1617.2878,0.17669544,"{'t1990-99': 166, 't1980-89': 528, 't2010-19': 2, 't1969': 178, 't2000-09': 2, 't1970-79': 992}","{'a125': 649, 'a75': 3, 'a50': 39, 'a25': 1115, 'a1': 1, 'a2': 61}"
60,87582,neighborhood,0,12,0,0,3,9,12,0.25,1934,1200.0,0.21018471,"{'t1969': 11, 't2000-09': 1}","{'a50': 2, 'a25': 10}"
61,79112,neighborhood,0,191,20,0,154,57,211,0.7299,1924,0.0,0.13749611,"{'t1969': 189, 't2010-19': 2, 't1980-89': 19, 't1970-79': 1}","{'a75': 1, 'a50': 7, 'a25': 104, 'a125': 99}"
62,105006,neighborhood,0,10,0,0,6,4,10,0.6,1954,1264.6,0.16900024,{'t1969': 10},"{'a25': 7, 'a125': 3}"
63,130116,neighborhood,0,17,0,0,14,3,17,0.8235,2006,7297.4,0.5714295,"{'t2010-19': 3, 't2000-09': 14}","{'a1': 1, 'a75': 15, 'a50': 1}"
64,135355,neighborhood,0,12,0,0,12,1,13,0.9231,1954,1466.0769,0.20013557,{'t1969': 13},{'a25': 13}
65,194422,neighborhood,0,10,2,0,9,3,12,0.75,1988,1231.0,0.04454041,"{'t1990-99': 2, 't1980-89': 10}",{'a125': 12}
66,180229,neighborhood,0,352,0,0,303,49,352,0.8608,1994,2141.6072,0.28235018,"{'t2000-09': 10, 't1980-89': 44, 't1990-99': 298}","{'a1': 1, 'a75': 6, 'a50': 197, 'a25': 148}"
67,82505,neighborhood,0,1,0,0,0,1,1,0.0,1950,2191.0,6.52,{'t1969': 1},{'a3': 1}
68,131953,neighborhood,0,10,0,0,8,4,12,0.6667,1969,1688.3334,0.24231686,"{'t1969': 6, 't1980-89': 1, 't1970-79': 5}","{'a50': 4, 'a25': 8}"
69,99660,neighborhood,0,4,0,0,0,4,4,0.0,1897,1483.5,0.06584641,{'t1969': 4},{'a125': 4}
70,98931,neighborhood,83,47,0,0,42,88,130,0.3231,1904,1091.9788,0.073064014,"{'t1969': 129, 't2000-09': 1}",{'a125': 130}
71,78339,neighborhood,0,1,0,0,1,0,1,1.0,1964,1025.0,0.069008745,{'t1969': 1},{'a125': 1}
72,85962,neighborhood,0,1,0,0,1,0,1,1.0,1975,2325.0,0.22959296,{'t1970-79': 1},{'a25': 1}
73,92919,neighborhood,0,360,0,0,267,98,365,0.7315,2002,2069.2458,0.1876081,"{'t1990-99': 2, 't1980-89': 3, 't2010-19': 1, 't1969': 7, 't2000-09': 349, 't1970-79': 3}","{'a125': 2, 'a75': 1, 'a50': 19, 'a25': 331, 'a1': 12}"
74,96816,neighborhood,0,79,0,2,51,34,85,0.6,1970,2479.5542,0.22046387,"{'t1969': 55, 't2010-19': 22, 't2000-09': 8}","{'a75': 1, 'a50': 21, 'a25': 63}"
75,95150,neighborhood,2,1703,234,0,1610,329,1939,0.8303,1991,1884.7609,0.48571885,"{'t1990-99': 686, 't1980-89': 812, 't2010-19': 20, 't1969': 1, 't2000-09': 299, 't1970-79': 121}","{'a125': 239, 'a75': 30, 'a50': 473, 'a25': 1027, 'a3': 119, 'a1': 25, 'a2': 26}"
76,86240,neighborhood,0,0,114,0,86,28,114,0.7544,1963,1110.1193,3.618066,{'t1969': 114},{'a3': 114}
77,96492,neighborhood,0,65,0,0,62,3,65,0.9538,1970,2551.9534,0.54864395,"{'t1990-99': 6, 't1980-89': 3, 't1969': 46, 't2000-09': 1, 't1970-79': 9}","{'a75': 2, 'a50': 56, 'a25': 1, 'a3': 1, 'a1': 3, 'a2': 2}"
78,146209,neighborhood,0,61,0,0,41,20,61,0.6721,1997,1856.0333,0.13880067,"{'t1969': 1, 't1990-99': 60}","{'a50': 1, 'a25': 41, 'a125': 19}"
79,157072,neighborhood,0,65,0,0,51,14,65,0.7846,2007,1964.8308,0.20276082,"{'t2010-19': 13, 't2000-09': 52}","{'a50': 15, 'a25': 50}"
80,77286,neighborhood,1,463,463,3,855,75,930,0.9194,1981,1799.5638,0.34522876,"{'t1990-99': 205, 't1980-89': 135, 't2010-19': 4, 't1969': 188, 't2000-09': 185, 't1970-79': 213}","{'a125': 462, 'a75': 104, 'a50': 170, 'a25': 84, 'a3': 11, 'a1': 57, 'a2': 42}"
81,165866,neighborhood,0,9,0,0,9,1,10,0.9,1961,2580.7778,0.27000645,{'t1969': 10},{'a50': 10}
82,95925,neighborhood,0,171,1,0,151,21,172,0.8779,1968,1554.3663,0.2586111,"{'t1969': 131, 't2000-09': 3, 't1970-79': 38}","{'a75': 1, 'a50': 102, 'a25': 69}"
83,81614,neighborhood,0,44,0,0,40,4,44,0.9091,1982,3976.682,0.4102544,"{'t2000-09': 1, 't1980-89': 43}","{'a75': 4, 'a50': 39, 'a2': 1}"
84,76395,neighborhood,0,50,0,0,46,4,50,0.92,1964,2041.6,0.34995946,"{'t1969': 47, 't1990-99': 1, 't1970-79': 2}","{'a1': 2, 'a75': 3, 'a50': 44, 'a25': 1}"
85,91253,neighborhood,35,45,248,0,182,156,338,0.5385,1910,1580.9492,0.037246294,"{'t1990-99': 2, 't1980-89': 33, 't1969': 295, 't2000-09': 1, 't1970-79': 7}","{'a25': 2, 'a125': 336}"
86,132682,neighborhood,0,1,0,0,1,0,1,1.0,1996,1480.0,0.10739285,{'t1990-99': 1},{'a125': 1}
87,79725,neighborhood,0,238,0,0,238,0,238,1.0,1995,2558.1855,0.19699141,"{'t2000-09': 17, 't1990-99': 221}","{'a50': 56, 'a25': 143, 'a125': 39}"
88,106843,neighborhood,0,3,0,0,3,0,3,1.0,1991,1828.3334,0.21774715,{'t1990-99': 3},{'a25': 3}
89,87131,neighborhood,0,69,0,0,64,5,69,0.9275,1991,2211.5652,0.2900451,"{'t1990-99': 27, 't1980-89': 12, 't2010-19': 1, 't1969': 5, 't2000-09': 24}","{'a75': 6, 'a50': 21, 'a2': 1, 'a25': 41}"
90,100551,neighborhood,0,43,0,0,38,6,44,0.8636,1975,4193.0,1.1262316,"{'t1990-99': 5, 't1980-89': 2, 't2010-19': 1, 't1969': 21, 't2000-09': 5, 't1970-79': 10}","{'a75': 2, 'a50': 1, 'a3': 2, 'a1': 12, 'a2': 27}"
91,140250,neighborhood,0,0,4,0,0,4,4,0.0,2004,0.0,0.019645452,{'t2000-09': 4},{'a125': 4}
92,179069,neighborhood,0,11,0,1,11,3,14,0.7857,1997,1856.5834,0.2878578,"{'t1990-99': 2, 't1980-89': 2, 't2010-19': 1, 't1969': 1, 't2000-09': 8}","{'a50': 13, 'a25': 1}"
93,178222,neighborhood,110,1179,0,0,1077,212,1289,0.8355,1930,1516.8185,0.10282976,"{'t1990-99': 1, 't1980-89': 1, 't2010-19': 1, 't1969': 1285, 't2000-09': 1}","{'a50': 3, 'a25': 176, 'a125': 1110}"
94,131458,neighborhood,0,4,0,0,4,0,4,1.0,1998,3940.0,0.8695359,"{'t2000-09': 2, 't1990-99': 2}","{'a1': 2, 'a75': 1, 'a2': 1}"
95,141754,neighborhood,0,108,9,0,86,31,117,0.735,1974,2335.563,0.2488115,"{'t1980-89': 9, 't1990-99': 7, 't1970-79': 101}","{'a50': 66, 'a25': 39, 'a125': 12}"
96,131296,neighborhood,47,6,5,0,49,9,58,0.8448,1983,1746.3214,0.1314114,{'t1980-89': 58},"{'a50': 2, 'a25': 21, 'a125': 35}"
97,83685,neighborhood,0,62,0,0,56,6,62,0.9032,1964,2804.2903,0.3460649,"{'t1969': 48, 't1970-79': 14}","{'a50': 60, 'a25': 2}"
98,104728,neighborhood,0,1,0,0,1,0,1,1.0,1978,1523.0,1.14,{'t1970-79': 1},{'a2': 1}
99,120810,neighborhood,0,22,0,0,18,5,23,0.7826,1999,1306.3043,0.15286767,"{'t2010-19': 8, 't2000-09': 4, 't1990-99': 2, 't1980-89': 9}",{'a25': 23}
0,31871,zip,0,12,0,0,9,3,12,0.75,1933,1517.0,1.2090594,"{'t1969': 11, 't2000-09': 1}","{'a50': 4, 'a25': 3, 'a3': 2, 'a1': 1, 'a2': 2}"
1,20599,zip,1,1239,21,4,859,406,1265,0.6791,1982,1820.2297,3.296408,"{'t1990-99': 262, 't1980-89': 201, 't2010-19': 22, 't1969': 296, 't2000-09': 299, 't1970-79': 185}","{'a125': 35, 'a75': 169, 'a50': 307, 'a25': 57, 'a3': 310, 'a1': 147, 'a2': 240}"
2,63856,zip,0,16,0,0,12,4,16,0.75,1945,2036.5625,9.83675,"{'t1969': 11, 't2000-09': 1, 't1980-89': 1, 't1970-79': 3}","{'a3': 10, 'a50': 2, 'a2': 1, 'a25': 3}"
3,69962,zip,0,3,0,0,1,2,3,0.3333,1969,1864.3334,1.8266667,"{'t1969': 2, 't1990-99': 1}","{'a1': 1, 'a3': 1, 'a2': 1}"
4,58277,zip,36,810,107,39,496,577,1073,0.4623,1948,1289.9678,0.17872694,"{'t1990-99': 18, 't1980-89': 5, 't2010-19': 63, 't1969': 817, 't2000-09': 169, 't1970-79': 1}","{'a125': 335, 'a75': 16, 'a50': 35, 'a25': 637, 'a1': 50}"
5,43047,zip,1,181,0,2,109,75,184,0.5924,1977,1710.0879,16.766468,"{'t1990-99': 30, 't1980-89': 15, 't2010-19': 3, 't1969': 56, 't2000-09': 42, 't1970-79': 38}","{'a75': 11, 'a50': 6, 'a25': 2, 'a3': 126, 'a1': 21, 'a2': 18}"
6,34151,zip,0,3627,139,0,2038,1728,3766,0.5412,1933,2312.6187,0.17140439,"{'t1990-99': 65, 't1980-89': 7, 't2010-19': 42, 't1969': 3494, 't2000-09': 134, 't1970-79': 24}","{'a125': 1661, 'a75': 101, 'a50': 277, 'a25': 1691, 'a3': 3, 'a1': 17, 'a2': 16}"
7,12818,zip,0,81,0,1,55,29,84,0.6548,1950,3018.25,6.473016,"{'t1990-99': 9, 't1980-89': 17, 't2010-19': 3, 't1969': 37, 't2000-09': 10, 't1970-79': 8}","{'a125': 1, 'a75': 6, 'a50': 7, 'a25': 4, 'a3': 50, 'a1': 1, 'a2': 15}"
8,35927,zip,38,829,0,6,602,271,873,0.6896,1930,1410.9001,0.89822775,"{'t1990-99': 13, 't1980-89': 27, 't1969': 774, 't2000-09': 16, 't1970-79': 43}","{'a125': 187, 'a75': 87, 'a50': 119, 'a25': 330, 'a3': 35, 'a1': 57, 'a2': 58}"
9,46489,zip,0,920,118,14,958,94,1052,0.9106,1974,3418.9797,0.84064007,"{'t1990-99': 130, 't1980-89': 267, 't2010-19': 13, 't1969': 397, 't2000-09': 99, 't1970-79': 146}","{'a125': 68, 'a75': 153, 'a50': 265, 'a25': 168, 'a3': 46, 'a1': 167, 'a2': 185}"
10,32519,zip,1,387,16,0,350,54,404,0.8663,1974,2057.309,1.5356699,"{'t1990-99': 38, 't1980-89': 16, 't2010-19': 70, 't1969': 166, 't2000-09': 93, 't1970-79': 21}","{'a125': 21, 'a75': 28, 'a50': 36, 'a25': 124, 'a3': 112, 'a1': 31, 'a2': 52}"
11,62365,zip,43,2335,162,120,2162,499,2661,0.8125,1954,1791.562,0.18446945,"{'t1990-99': 48, 't1980-89': 216, 't2010-19': 18, 't1969': 2164, 't2000-09': 74, 't1970-79': 141}","{'a125': 337, 'a75': 6, 'a50': 205, 'a25': 2102, 'a3': 1, 'a1': 3, 'a2': 7}"
12,33558,zip,0,12,0,0,8,5,13,0.6154,1991,1645.25,13.883845,"{'t1990-99': 2, 't1980-89': 1, 't1969': 2, 't2000-09': 7, 't1970-79': 1}","{'a3': 12, 'a2': 1}"
13,40596,zip,0,1,0,0,1,0,1,1.0,0,1400.0,11.48,{'t1969': 1},{'a3': 1}
14,22593,zip,0,413,0,9,299,125,424,0.7052,1975,1426.6487,4.10682,"{'t1990-99': 63, 't1980-89': 38, 't2010-19': 8, 't1969': 155, 't2000-09': 94, 't1970-79': 66}","{'a125': 4, 'a75': 87, 'a50': 95, 'a25': 36, 'a3': 98, 'a1': 54, 'a2': 50}"
15,9835,zip,2,162,0,0,119,47,166,0.7169,1926,1563.125,0.19170365,"{'t1990-99': 1, 't1980-89': 1, 't1969': 157, 't2000-09': 1, 't1970-79': 6}","{'a125': 62, 'a75': 2, 'a50': 35, 'a25': 65, 'a1': 1, 'a2': 1}"
16,67814,zip,11,3804,1210,1,4075,956,5031,0.81,1975,1706.1996,0.55267245,"{'t1990-99': 1417, 't1980-89': 852, 't2010-19': 28, 't1969': 1965, 't2000-09': 234, 't1970-79': 535}","{'a125': 726, 'a75': 156, 'a50': 549, 'a25': 2717, 'a3': 390, 'a1': 170, 'a2': 323}"
17,7340,zip,0,102,0,0,66,36,102,0.6471,1974,1636.4902,2.7178888,"{'t1990-99': 13, 't1980-89': 17, 't2010-19': 7, 't1969': 30, 't2000-09': 26, 't1970-79': 9}","{'a125': 1, 'a75': 11, 'a50': 6, 'a25': 7, 'a3': 34, 'a1': 11, 'a2': 32}"
18,45265,zip,0,1,0,0,1,0,1,1.0,1962,2644.0,10.0,{'t1969': 1},{'a3': 1}
19,48853,zip,0,1,0,0,1,0,1,1.0,1974,3730.0,1.64,{'t1970-79': 1},{'a2': 1}
20,71918,zip,1,549,26,5,324,272,596,0.5436,1994,2003.6655,0.78149575,"{'t1990-99': 172, 't1980-89': 92, 't2010-19': 16, 't1969': 16, 't2000-09': 230, 't1970-79': 70}","{'a125': 24, 'a75': 157, 'a50': 182, 'a25': 40, 'a3': 36, 'a1': 57, 'a2': 100}"
21,13775,zip,1,2024,1793,5,3434,451,3885,0.8839,2002,3233.8765,0.24653058,"{'t1990-99': 994, 't1980-89': 1, 't2010-19': 553, 't1969': 20, 't2000-09': 2313, 't1970-79': 4}","{'a125': 1913, 'a75': 208, 'a50': 393, 'a25': 1249, 'a3': 90, 'a1': 21, 'a2': 11}"
22,47410,zip,0,1,0,0,1,0,1,1.0,1997,4322.0,28.57,{'t1990-99': 1},{'a3': 1}
23,8269,zip,4,176,0,1,120,61,181,0.663,1954,1927.6777,4.4516172,"{'t1990-99': 24, 't1980-89': 20, 't2010-19': 11, 't1969': 73, 't2000-09': 44, 't1970-79': 9}","{'a75': 13, 'a50': 25, 'a25': 9, 'a3': 83, 'a1': 20, 'a2': 31}"
24,61659,zip,0,1,0,0,0,1,1,0.0,1966,2606.0,0.28299093,{'t1969': 1},{'a50': 1}
25,36079,zip,0,2345,26,0,2056,315,2371,0.8671,1975,2816.19,0.46021196,"{'t1990-99': 350, 't1980-89': 315, 't2010-19': 39, 't1969': 748, 't2000-09': 176, 't1970-79': 743}","{'a125': 58, 'a75': 227, 'a50': 1472, 'a25': 392, 'a3': 30, 'a1': 105, 'a2': 87}"
26,4398,zip,12,1353,30,4,2054,143,2197,0.9349,1962,652.2535,0.4738718,"{'t1990-99': 147, 't1980-89': 92, 't2010-19': 133, 't1969': 1557, 't2000-09': 119, 't1970-79': 143, 't2020-29': 6}","{'a125': 329, 'a75': 134, 'a50': 479, 'a25': 774, 'a3': 18, 'a1': 303, 'a2': 160}"
27,876,zip,86,1708,0,0,1661,133,1794,0.9259,1922,2081.7563,0.13136797,"{'t1990-99': 5, 't1980-89': 5, 't2010-19': 14, 't1969': 1758, 't2000-09': 6, 't1970-79': 6}","{'a75': 3, 'a50': 65, 'a25': 608, 'a125': 1118}"
28,42190,zip,0,13,0,0,6,11,17,0.3529,1979,1522.5,4.585295,"{'t1969': 4, 't2000-09': 3, 't1990-99': 5, 't1970-79': 5}","{'a75': 1, 'a25': 1, 'a3': 12, 'a1': 2, 'a2': 1}"
29,61317,zip,0,25,0,0,16,11,27,0.5926,1997,1803.8077,0.5062991,"{'t1990-99': 2, 't1980-89': 4, 't2010-19': 10, 't1969': 2, 't2000-09': 6, 't1970-79': 3}","{'a125': 1, 'a75': 1, 'a50': 17, 'a25': 4, 'a3': 1, 'a1': 1, 'a2': 2}"
30,68473,zip,32,2940,184,1,2590,573,3163,0.8188,1959,1486.0673,0.15015024,"{'t1990-99': 12, 't1980-89': 122, 't2010-19': 12, 't1969': 2686, 't2000-09': 127, 't1970-79': 204}","{'a75': 7, 'a50': 108, 'a25': 2549, 'a125': 499}"
31,68578,zip,3,4630,547,2,3336,1849,5185,0.6434,1979,1771.6652,0.10112348,"{'t1990-99': 319, 't1980-89': 1035, 't2010-19': 52, 't1969': 1047, 't2000-09': 819, 't1970-79': 1913}","{'a50': 15, 'a25': 1974, 'a125': 3196}"
32,37395,zip,0,4,0,0,4,0,4,1.0,0,1789.0,82.7275,{'t1969': 4},"{'a3': 3, 'a2': 1}"
33,34763,zip,0,2015,11,0,1622,467,2089,0.7764,1949,1832.4897,1.3974044,"{'t1990-99': 154, 't1980-89': 69, 't2010-19': 12, 't1969': 1601, 't2000-09': 108, 't1970-79': 145}","{'a125': 177, 'a75': 104, 'a50': 400, 'a25': 886, 'a3': 234, 'a1': 100, 'a2': 188}"
34,9703,zip,28,3448,207,9,3112,624,3736,0.833,1953,1750.807,1.2584597,"{'t1990-99': 242, 't1980-89': 207, 't2010-19': 67, 't1969': 2448, 't2000-09': 407, 't1970-79': 365}","{'a125': 756, 'a75': 324, 'a50': 954, 'a25': 929, 'a3': 265, 'a1': 223, 'a2': 285}"
35,48067,zip,0,114,0,1,102,13,115,0.887,1948,1888.7388,9.306042,"{'t1990-99': 15, 't1980-89': 10, 't2010-19': 1, 't1969': 61, 't2000-09': 16, 't1970-79': 12}","{'a75': 3, 'a50': 10, 'a25': 10, 'a3': 69, 'a1': 15, 'a2': 8}"
36,5610,zip,0,0,25,0,11,14,25,0.44,2009,982.0,0.32300502,"{'t2000-09': 5, 't2010-19': 20}","{'a50': 20, 'a125': 5}"
37,21893,zip,0,4814,48,127,4285,736,5021,0.8534,1998,2931.3008,1.5266907,"{'t1990-99': 865, 't1980-89': 414, 't2010-19': 269, 't1969': 249, 't2000-09': 3063, 't1970-79': 161}","{'a125': 99, 'a75': 655, 'a50': 1058, 'a25': 1175, 'a3': 874, 'a1': 472, 'a2': 688}"
38,14455,zip,2,2523,1087,17,3308,367,3675,0.9001,1985,2678.2815,0.3562786,"{'t1990-99': 1000, 't1980-89': 833, 't2010-19': 380, 't1969': 724, 't2000-09': 681, 't1970-79': 57}","{'a125': 1121, 'a75': 358, 'a50': 1441, 'a25': 510, 'a3': 40, 'a1': 102, 'a2': 103}"
39,51702,zip,0,2,0,0,0,2,2,0.0,1925,1558.5,0.5539524,{'t1969': 2},{'a75': 2}
40,11731,zip,1,138,4,6,123,28,151,0.8146,1953,1919.5,5.6149683,"{'t1990-99': 13, 't1980-89': 13, 't2010-19': 2, 't1969': 81, 't2000-09': 17, 't1970-79': 25}","{'a125': 4, 'a75': 14, 'a50': 13, 'a25': 8, 'a3': 66, 'a1': 17, 'a2': 29}"
41,9350,zip,0,2,0,0,2,0,2,1.0,1965,1350.0,81.61,"{'t1969': 1, 't1990-99': 1}",{'a3': 2}
42,23305,zip,0,2,0,0,0,2,2,0.0,1924,1253.0,28.879995,{'t1969': 2},"{'a3': 1, 'a50': 1}"
43,14586,zip,0,3,17,0,17,4,21,0.8095,1919,953.25,0.039187603,{'t1969': 21},"{'a25': 1, 'a125': 20}"
44,59072,zip,73,865,1,11,652,333,985,0.6619,1965,1272.03,0.16395505,"{'t1990-99': 5, 't1980-89': 39, 't2010-19': 53, 't1969': 622, 't2000-09': 225, 't1970-79': 41}","{'a75': 1, 'a50': 48, 'a25': 897, 'a125': 39}"
45,1547,zip,2,445,4,3,234,221,455,0.5143,1978,1984.0494,3.4331143,"{'t1990-99': 46, 't1980-89': 133, 't2010-19': 7, 't1969': 69, 't2000-09': 132, 't1970-79': 68}","{'a125': 7, 'a75': 17, 'a50': 54, 'a25': 23, 'a3': 133, 'a1': 47, 'a2': 174}"
46,46077,zip,0,357,1,0,308,50,358,0.8603,1976,1783.7107,5991.492,"{'t1990-99': 44, 't1980-89': 50, 't2010-19': 3, 't1969': 121, 't2000-09': 64, 't1970-79': 76}","{'a125': 1, 'a75': 10, 'a50': 42, 'a25': 36, 'a3': 197, 'a1': 43, 'a2': 29}"
47,14260,zip,0,49,0,2,34,17,51,0.6667,1969,2127.2188,0.68523914,"{'t1990-99': 7, 't1980-89': 2, 't2010-19': 2, 't1969': 22, 't2000-09': 10, 't1970-79': 8}","{'a75': 12, 'a50': 21, 'a25': 2, 'a3': 2, 'a1': 9, 'a2': 5}"
48,62041,zip,0,40,0,0,31,15,46,0.6739,1975,1568.8667,3.008985,"{'t1990-99': 4, 't1980-89': 3, 't2010-19': 1, 't1969': 21, 't2000-09': 15, 't1970-79': 2}","{'a125': 1, 'a75': 4, 'a50': 17, 'a25': 10, 'a3': 11, 'a2': 3}"
49,65075,zip,7,4152,3628,0,5082,2706,7788,0.6525,1973,1710.5244,0.1516498,"{'t1990-99': 573, 't1980-89': 1222, 't2010-19': 156, 't1969': 3650, 't2000-09': 1093, 't1970-79': 1094}","{'a125': 3713, 'a75': 123, 'a50': 579, 'a25': 3221, 'a3': 23, 'a1': 66, 'a2': 63}"
50,47973,zip,0,5,0,0,4,1,5,0.8,1950,1090.0,0.38235924,"{'t1969': 4, 't1990-99': 1}","{'a2': 1, 'a25': 3, 'a125': 1}"
51,13124,zip,5,481,2782,1,3246,363,3609,0.8994,1967,1370.0311,0.07190046,"{'t1990-99': 77, 't1980-89': 138, 't2010-19': 3, 't1969': 2005, 't2000-09': 15, 't1970-79': 1371}","{'a125': 3211, 'a75': 14, 'a50': 53, 'a25': 327, 'a3': 1, 'a1': 2, 'a2': 1}"
52,55842,zip,0,183,0,0,100,85,185,0.5405,1970,1432.9838,0.5770566,"{'t1980-89': 6, 't2010-19': 9, 't1969': 121, 't2000-09': 29, 't1970-79': 20}","{'a125': 7, 'a75': 13, 'a50': 60, 'a25': 72, 'a3': 13, 'a1': 12, 'a2': 8}"
53,20517,zip,2,2926,30,4,2013,957,2970,0.6778,1968,1843.9642,0.9584169,"{'t1990-99': 288, 't1980-89': 174, 't2010-19': 74, 't1969': 1566, 't2000-09': 657, 't1970-79': 211}","{'a125': 76, 'a75': 529, 'a50': 1043, 'a25': 609, 'a3': 193, 'a1': 261, 'a2': 259}"
54,19907,zip,2,4437,480,7,4321,605,4926,0.8772,1983,2753.9368,0.76884544,"{'t1990-99': 693, 't1980-89': 1581, 't2010-19': 160, 't1969': 623, 't2000-09': 460, 't1970-79': 1409}","{'a125': 288, 'a75': 910, 'a50': 2717, 'a25': 316, 'a3': 262, 'a1': 235, 'a2': 198}"
55,62773,zip,0,699,4,7,569,145,714,0.7969,1955,1965.2983,1.3608276,"{'t1990-99': 63, 't1980-89': 27, 't2010-19': 2, 't1969': 416, 't2000-09': 88, 't1970-79': 118}","{'a125': 36, 'a75': 14, 'a50': 85, 'a25': 472, 'a3': 61, 'a1': 7, 'a2': 39}"
56,5779,zip,181,1177,57,2,922,495,1417,0.6507,1947,1760.9202,0.060588453,"{'t1990-99': 15, 't1980-89': 11, 't2010-19': 12, 't1969': 1321, 't2000-09': 40, 't1970-79': 18}","{'a50': 2, 'a25': 44, 'a125': 1371}"
57,34450,zip,0,2158,11,0,1748,690,2438,0.717,1973,2236.7358,1.2840912,"{'t1990-99': 459, 't1980-89': 236, 't2010-19': 80, 't1969': 857, 't2000-09': 446, 't1970-79': 360}","{'a125': 249, 'a75': 222, 'a50': 655, 'a25': 679, 'a3': 307, 'a1': 120, 'a2': 206}"
58,203,zip,210,2127,0,1,1924,414,2338,0.8229,1925,2689.8499,0.16849518,"{'t1990-99': 11, 't1980-89': 20, 't2010-19': 4, 't1969': 2206, 't2000-09': 35, 't1970-79': 62}","{'a125': 929, 'a75': 19, 'a50': 176, 'a25': 1197, 'a3': 1, 'a1': 7, 'a2': 9}"
59,23028,zip,1,67,6,1,39,37,76,0.5132,1958,1418.2122,0.48552763,"{'t1990-99': 1, 't1980-89': 4, 't1969': 52, 't2000-09': 5, 't1970-79': 14}","{'a125': 3, 'a75': 14, 'a50': 34, 'a25': 15, 'a3': 1, 'a1': 3, 'a2': 6}"
60,18566,zip,0,28,0,1,20,10,30,0.6667,1965,1591.1724,5.5268664,"{'t1990-99': 4, 't1980-89': 3, 't2010-19': 1, 't1969': 13, 't2000-09': 5, 't1970-79': 4}","{'a125': 1, 'a75': 3, 'a50': 1, 'a3': 14, 'a1': 4, 'a2': 7}"
61,71199,zip,0,2710,9,0,1955,979,2934,0.6663,1964,2470.9075,0.18191275,"{'t1990-99': 161, 't1980-89': 144, 't2010-19': 252, 't1969': 1968, 't2000-09': 253, 't1970-79': 153, 't2020-29': 3}","{'a125': 1131, 'a75': 33, 'a50': 435, 'a25': 1315, 'a3': 4, 'a1': 9, 'a2': 7}"
62,38938,zip,0,19,0,0,14,5,19,0.7368,1931,1164.7368,0.15411517,"{'t1969': 18, 't1990-99': 1}","{'a50': 1, 'a25': 12, 'a125': 6}"
63,36802,zip,0,20,0,0,16,4,20,0.8,1963,1523.55,4.9411507,"{'t1969': 7, 't2000-09': 1, 't1990-99': 9, 't1970-79': 3}","{'a1': 1, 'a3': 16, 'a50': 1, 'a2': 2}"
64,59461,zip,0,42,0,2,30,14,44,0.6818,1975,1853.5238,10.61107,"{'t1990-99': 5, 't1980-89': 8, 't2010-19': 2, 't1969': 14, 't2000-09': 10, 't1970-79': 5}","{'a125': 1, 'a75': 3, 'a50': 10, 'a25': 8, 'a3': 15, 'a1': 2, 'a2': 5}"
65,13165,zip,0,1,0,0,1,0,1,1.0,1991,1754.0,1.0,{'t1990-99': 1},{'a1': 1}
66,41823,zip,28,1508,167,1,1606,99,1705,0.9419,1959,2248.921,0.38732472,"{'t1990-99': 98, 't1980-89': 168, 't2010-19': 23, 't1969': 1090, 't2000-09': 86, 't1970-79': 240}","{'a125': 236, 'a75': 107, 'a50': 456, 'a25': 775, 'a3': 49, 'a1': 42, 'a2': 40}"
67,39168,zip,0,6,0,0,4,2,6,0.6667,1916,1213.0,0.3864428,"{'t1969': 5, 't1990-99': 1}","{'a75': 3, 'a50': 1, 'a25': 2}"
68,35012,zip,0,8,0,0,7,1,8,0.875,1982,1685.625,1.680114,"{'t1969': 2, 't2000-09': 3, 't1990-99': 3}","{'a3': 2, 'a50': 1, 'a2': 5}"
69,35140,zip,0,54,1,0,28,27,55,0.5091,1944,1745.8182,0.30072713,"{'t1990-99': 6, 't1980-89': 1, 't1969': 45, 't2000-09': 2, 't1970-79': 1}","{'a125': 1, 'a75': 4, 'a50': 16, 'a25': 32, 'a1': 1, 'a2': 1}"
70,70642,zip,1,14,0,0,6,9,15,0.4,1987,2050.8,3.2366664,"{'t1990-99': 3, 't1980-89': 1, 't2010-19': 1, 't1969': 2, 't2000-09': 5, 't1970-79': 3}","{'a3': 7, 'a50': 3, 'a2': 5}"
71,35180,zip,0,124,0,0,93,40,133,0.6992,1958,1923.3561,4.0873017,"{'t1990-99': 20, 't1980-89': 6, 't2010-19': 5, 't1969': 74, 't2000-09': 18, 't1970-79': 10}","{'a125': 16, 'a75': 8, 'a50': 24, 'a25': 26, 'a3': 32, 'a1': 12, 'a2': 15}"
72,71633,zip,3,324,3,0,287,44,331,0.8671,1978,1894.296,0.4736936,"{'t1990-99': 63, 't1980-89': 22, 't2010-19': 5, 't1969': 106, 't2000-09': 78, 't1970-79': 57}","{'a125': 11, 'a75': 13, 'a50': 108, 'a25': 185, 'a3': 6, 'a1': 7, 'a2': 1}"
73,28249,zip,1,849,1,29,698,196,894,0.7808,1976,1897.3143,10.754874,"{'t1990-99': 167, 't1980-89': 90, 't2010-19': 27, 't1969': 317, 't2000-09': 190, 't1970-79': 103}","{'a125': 2, 'a75': 77, 'a50': 165, 'a25': 26, 'a3': 399, 'a1': 63, 'a2': 162}"
74,24734,zip,1,3644,2,17,2837,925,3762,0.7541,1998,2433.8562,0.21806835,"{'t1990-99': 312, 't1980-89': 350, 't2010-19': 592, 't1969': 154, 't2000-09': 1930, 't1970-79': 424}","{'a125': 420, 'a75': 61, 'a50': 837, 'a25': 2428, 'a3': 2, 'a1': 10, 'a2': 4}"
75,49188,zip,3,2646,13,0,883,1779,2662,0.3317,1953,1075.3759,0.22085926,"{'t1990-99': 8, 't1980-89': 18, 't1969': 2577, 't2000-09': 12, 't1970-79': 47}","{'a125': 23, 'a75': 49, 'a50': 322, 'a25': 2225, 'a3': 10, 'a1': 16, 'a2': 17}"
76,42800,zip,0,4,0,0,4,1,5,0.8,1903,1306.6,38.666,{'t1969': 5},"{'a3': 4, 'a2': 1}"
77,19616,zip,0,29,0,0,10,19,29,0.3448,1990,1741.2759,0.22194669,"{'t1990-99': 6, 't1980-89': 8, 't1969': 1, 't2000-09': 9, 't1970-79': 5}","{'a50': 3, 'a2': 1, 'a25': 16, 'a125': 9}"
78,12180,zip,1,21,0,0,16,6,22,0.7273,1962,1708.1765,5.103183,"{'t1969': 6, 't2000-09': 5, 't1980-89': 4, 't1970-79': 7}","{'a125': 1, 'a75': 6, 'a50': 2, 'a25': 2, 'a3': 5, 'a2': 6}"
79,10625,zip,0,6,0,0,6,0,6,1.0,0,3543.0,0.7630601,{'t1969': 6},"{'a1': 3, 'a75': 3}"
80,11788,zip,0,1,0,0,1,0,1,1.0,1920,3332.0,0.40000278,{'t1969': 1},{'a50': 1}
81,19425,zip,0,31,0,0,18,14,32,0.5625,1964,2031.8125,1.5420852,"{'t1990-99': 2, 't1980-89': 6, 't1969': 17, 't2000-09': 4, 't1970-79': 3}","{'a75': 7, 'a50': 9, 'a25': 3, 'a3': 3, 'a1': 5, 'a2': 5}"
82,15486,zip,0,68,0,1,58,14,72,0.8056,1974,1819.3492,4.1108193,"{'t1990-99': 13, 't1980-89': 3, 't2010-19': 1, 't1969': 28, 't2000-09': 14, 't1970-79': 13}","{'a75': 1, 'a50': 1, 'a3': 56, 'a1': 3, 'a2': 11}"
83,56182,zip,0,100,1,0,58,49,107,0.5421,1993,1819.8599,30.958038,"{'t1990-99': 45, 't1980-89': 15, 't2010-19': 2, 't1969': 3, 't2000-09': 32, 't1970-79': 10}","{'a75': 3, 'a50': 3, 'a25': 2, 'a3': 86, 'a1': 3, 'a2': 10}"
84,54223,zip,0,4,0,0,2,2,4,0.5,1994,1306.0,6.2025003,"{'t1969': 1, 't2000-09': 2, 't1970-79': 1}","{'a1': 2, 'a3': 2}"
85,1893,zip,2,360,0,3,362,5,367,0.9864,1967,1872.1543,3.7176034,"{'t1990-99': 44, 't1980-89': 103, 't2010-19': 9, 't1969': 97, 't2000-09': 71, 't1970-79': 43}","{'a125': 4, 'a75': 42, 'a50': 57, 'a25': 7, 'a3': 85, 'a1': 88, 'a2': 84}"
86,64974,zip,0,262,12,1,201,74,275,0.7309,2000,2127.8572,0.3170923,"{'t1990-99': 95, 't1980-89': 13, 't2010-19': 38, 't1969': 4, 't2000-09': 119, 't1970-79': 6}","{'a125': 57, 'a75': 7, 'a50': 66, 'a25': 118, 'a3': 3, 'a1': 11, 'a2': 13}"
87,55634,zip,0,25,0,0,18,7,25,0.72,1999,1970.76,11.707602,"{'t1990-99': 2, 't1980-89': 2, 't2010-19': 5, 't1969': 1, 't2000-09': 14, 't1970-79': 1}","{'a1': 2, 'a75': 1, 'a3': 20, 'a2': 2}"
88,46675,zip,119,327,1424,2,1397,475,1872,0.7463,1941,941.34894,0.26644272,"{'t1990-99': 37, 't1980-89': 5, 't2010-19': 2, 't1969': 1524, 't2000-09': 120, 't1970-79': 184}","{'a125': 432, 'a75': 157, 'a50': 384, 'a25': 817, 'a1': 63, 'a2': 19}"
89,53080,zip,0,8,0,0,4,4,8,0.5,1935,1428.75,0.83943737,"{'t1969': 5, 't1980-89': 2, 't1970-79': 1}","{'a75': 3, 'a3': 1, 'a50': 2, 'a25': 2}"
90,69462,zip,3,7193,597,4,6914,885,7799,0.8865,1976,2196.413,0.26062617,"{'t1990-99': 874, 't1980-89': 1427, 't2010-19': 173, 't1969': 2735, 't2000-09': 302, 't1970-79': 2288}","{'a125': 1267, 'a75': 280, 'a50': 1087, 'a25': 5018, 'a3': 50, 'a1': 59, 'a2': 38}"
91,938,zip,3,2992,129,7,2760,371,3131,0.8815,1965,2847.5312,1.1237668,"{'t1990-99': 295, 't1980-89': 639, 't2010-19': 98, 't1969': 1218, 't2000-09': 193, 't1970-79': 687, 't2020-29': 1}","{'a125': 193, 'a75': 307, 'a50': 325, 'a25': 128, 'a3': 270, 'a1': 1011, 'a2': 897}"
92,62444,zip,0,1891,92,6,1815,174,1989,0.9125,1980,2817.384,0.1948197,"{'t1990-99': 408, 't1980-89': 178, 't2010-19': 140, 't1969': 571, 't2000-09': 110, 't1970-79': 582}","{'a125': 239, 'a75': 5, 'a50': 328, 'a25': 1416, 'a1': 1}"
93,6758,zip,0,1,0,0,1,0,1,1.0,1889,1676.0,0.5500038,{'t1969': 1},{'a75': 1}
94,59750,zip,0,24,0,7,26,6,32,0.8125,1994,2036.76,37.160805,"{'t1990-99': 5, 't1980-89': 5, 't2010-19': 2, 't1969': 7, 't2000-09': 12, 't1970-79': 1}","{'a50': 1, 'a25': 1, 'a3': 23, 'a1': 2, 'a2': 5}"
95,22434,zip,9,653,123,12,587,212,799,0.7347,1988,1826.6921,0.5320077,"{'t1990-99': 64, 't1980-89': 124, 't2010-19': 10, 't1969': 93, 't2000-09': 321, 't1970-79': 187}","{'a125': 249, 'a75': 171, 'a50': 196, 'a25': 15, 'a3': 18, 'a1': 83, 'a2': 67}"
96,26155,zip,0,156,0,0,122,35,157,0.7771,1987,2252.5095,5.864223,"{'t1990-99': 31, 't1980-89': 23, 't2010-19': 8, 't1969': 22, 't2000-09': 47, 't1970-79': 26}","{'a125': 1, 'a75': 16, 'a50': 7, 'a25': 1, 'a3': 77, 'a1': 29, 'a2': 26}"
97,56877,zip,0,16,0,0,10,6,16,0.625,1977,1485.5625,19.576622,"{'t1990-99': 2, 't1980-89': 1, 't2010-19': 1, 't1969': 5, 't2000-09': 2, 't1970-79': 5}","{'a3': 11, 'a50': 2, 'a2': 1, 'a25': 2}"
98,4180,zip,12,1360,2,14,1387,2,1389,0.9986,1966,2902.5403,3.2800772,"{'t1990-99': 183, 't1980-89': 150, 't2010-19': 19, 't1969': 624, 't2000-09': 221, 't1970-79': 192}","{'a125': 1, 'a75': 91, 'a50': 84, 'a25': 14, 'a3': 622, 'a1': 107, 'a2': 470}"
99,32244,zip,0,36,0,0,23,13,36,0.6389,1976,1421.0555,8.5335,"{'t1990-99': 9, 't1980-89': 5, 't2010-19': 1, 't1969': 9, 't2000-09': 6, 't1970-79': 6}","{'a75': 4, 'a50': 2, 'a3': 20, 'a1': 3, 'a2': 7}"
